,date,Zone_A,Zone_B,Zone_C,Corse,Guadeloupe,Réunion,Martinique,Guyane,Mayotte
0,2023-01-01,1,1,1,1,1,1,1,1,1
1,2023-01-02,1,1,1,1,1,1,1,1,1
2,2023-01-03,0,0,0,0,0,1,0,0,1
3,2023-01-04,0,0,0,0,0,1,0,0,1
4,2023-01-05,0,0,0,0,0,1,0,0,1
5,2023-01-06,0,0,0,0,0,1,0,0,1
6,2023-01-07,0,0,0,0,0,1,0,0,1
7,2023-01-08,0,0,0,0,0,1,0,0,1
8,2023-01-09,0,0,0,0,0,1,0,0,0
9,2023-01-10,0,0,0,0,0,1,0,0,0
10,2023-01-11,0,0,0,0,0,1,0,0,0
11,2023-01-12,0,0,0,0,0,1,0,0,0
12,2023-01-13,0,0,0,0,0,1,0,0,0
13,2023-01-14,0,0,0,0,0,1,0,0,0
14,2023-01-15,0,0,0,0,0,1,0,0,0
15,2023-01-16,0,0,0,0,0,1,0,0,0
16,2023-01-17,0,0,0,0,0,1,0,0,0
17,2023-01-18,0,0,0,0,0,1,0,0,0
18,2023-01-19,0,0,0,0,0,1,0,0,0
19,2023-01-20,0,0,0,0,0,1,0,0,0
20,2023-01-21,0,0,0,0,0,1,0,0,0
21,2023-01-22,0,0,0,0,0,1,0,0,0
22,2023-01-23,0,0,0,0,0,0,0,0,0
23,2023-01-24,0,0,0,0,0,0,0,0,0
24,2023-01-25,0,0,0,0,0,0,0,0,0
25,2023-01-26,0,0,0,0,0,0,0,0,0
26,2023-01-27,0,0,0,0,0,0,0,0,0
27,2023-01-28,0,0,0,0,0,0,0,0,0
28,2023-01-29,0,0,0,0,0,0,0,0,0
29,2023-01-30,0,0,0,0,0,0,0,0,0
30,2023-01-31,0,0,0,0,0,0,0,0,0
31,2023-02-01,0,0,0,0,0,0,0,0,0
32,2023-02-02,0,0,0,0,0,0,0,0,0
33,2023-02-03,1,0,0,0,0,0,0,0,0
34,2023-02-04,1,0,0,0,0,0,0,0,0
35,2023-02-05,1,0,0,0,0,0,0,0,0
36,2023-02-06,1,0,0,0,0,0,0,0,0
37,2023-02-07,1,0,0,0,0,0,0,0,0
38,2023-02-08,1,0,0,0,0,0,0,0,0
39,2023-02-09,1,0,0,0,0,0,0,0,0
40,2023-02-10,1,1,0,0,1,0,1,0,0
41,2023-02-11,1,1,0,0,1,0,1,0,0
42,2023-02-12,1,1,0,0,1,0,1,0,0
43,2023-02-13,1,1,0,0,1,0,1,0,0
44,2023-02-14,1,1,0,0,1,0,1,0,0
45,2023-02-15,1,1,0,0,1,0,1,0,0
46,2023-02-16,1,1,0,0,1,0,1,0,0
47,2023-02-17,1,1,1,1,1,0,1,1,1
48,2023-02-18,1,1,1,1,1,0,1,1,1
49,2023-02-19,1,1,1,1,1,0,1,1,1
50,2023-02-20,0,1,1,1,1,0,1,1,1
51,2023-02-21,0,1,1,1,1,0,1,1,1
52,2023-02-22,0,1,1,1,1,0,1,1,1
53,2023-02-23,0,1,1,1,1,0,1,1,1
54,2023-02-24,0,1,1,1,1,0,1,1,1
55,2023-02-25,0,1,1,1,1,0,1,1,1
56,2023-02-26,0,1,1,1,1,0,1,1,1
57,2023-02-27,0,0,1,1,0,0,0,1,1
58,2023-02-28,0,0,1,1,0,0,0,1,1
59,2023-03-01,0,0,1,1,0,0,0,1,1
60,2023-03-02,0,0,1,1,0,0,0,1,1
61,2023-03-03,0,0,1,1,0,0,0,1,1
62,2023-03-04,0,0,1,1,0,0,0,1,1
63,2023-03-05,0,0,1,1,0,0,0,1,1
64,2023-03-06,0,0,0,0,0,0,0,0,0
65,2023-03-07,0,0,0,0,0,0,0,0,0
66,2023-03-08,0,0,0,0,0,0,0,0,0
67,2023-03-09,0,0,0,0,0,0,0,0,0
68,2023-03-10,0,0,0,0,0,1,0,0,0
69,2023-03-11,0,0,0,0,0,1,0,0,0
70,2023-03-12,0,0,0,0,0,1,0,0,0
71,2023-03-13,0,0,0,0,0,1,0,0,0
72,2023-03-14,0,0,0,0,0,1,0,0,0
73,2023-03-15,0,0,0,0,0,1,0,0,0
74,2023-03-16,0,0,0,0,0,1,0,0,0
75,2023-03-17,0,0,0,0,0,1,0,0,0
76,2023-03-18,0,0,0,0,0,1,0,0,0
77,2023-03-19,0,0,0,0,0,1,0,0,0
78,2023-03-20,0,0,0,0,0,1,0,0,0
79,2023-03-21,0,0,0,0,0,1,0,0,0
80,2023-03-22,0,0,0,0,0,1,0,0,0
81,2023-03-23,0,0,0,0,0,1,0,0,0
82,2023-03-24,0,0,0,0,0,1,0,0,0
83,2023-03-25,0,0,0,0,0,1,0,0,0
84,2023-03-26,0,0,0,0,0,1,0,0,0
85,2023-03-27,0,0,0,0,0,0,0,0,0
86,2023-03-28,0,0,0,0,0,0,0,0,0
87,2023-03-29,0,0,0,0,0,0,0,0,0
88,2023-03-30,0,0,0,0,0,0,0,0,0
89,2023-03-31,0,0,0,0,1,0,1,0,0
90,2023-04-01,0,0,0,0,1,0,1,0,0
91,2023-04-02,0,0,0,0,1,0,1,0,0
92,2023-04-03,0,0,0,0,1,0,1,0,0
93,2023-04-04,0,0,0,0,1,0,1,1,0
94,2023-04-05,0,0,0,0,1,0,1,1,0
95,2023-04-06,0,0,0,0,1,0,1,1,0
96,2023-04-07,1,0,0,0,1,0,1,1,0
97,2023-04-08,1,0,0,0,1,0,1,1,0
98,2023-04-09,1,0,0,0,1,0,1,1,0
99,2023-04-10,1,0,0,0,1,0,1,1,0
100,2023-04-11,1,0,0,0,1,0,1,1,0
101,2023-04-12,1,0,0,0,1,0,1,1,0
102,2023-04-13,1,0,0,0,1,0,1,1,0
103,2023-04-14,1,1,0,1,1,0,1,1,0
104,2023-04-15,1,1,0,1,1,0,1,1,0
105,2023-04-16,1,1,0,1,1,0,1,1,0
106,2023-04-17,1,1,0,1,0,0,0,1,0
107,2023-04-18,1,1,0,1,0,0,0,1,0
108,2023-04-19,1,1,0,1,0,0,0,1,0
109,2023-04-20,1,1,0,1,0,0,0,0,0
110,2023-04-21,1,1,1,1,0,0,0,0,1
111,2023-04-22,1,1,1,1,0,0,0,0,1
112,2023-04-23,1,1,1,1,0,0,0,0,1
113,2023-04-24,0,1,1,1,0,0,0,0,1
114,2023-04-25,0,1,1,1,0,0,0,0,1
115,2023-04-26,0,1,1,1,0,0,0,0,1
116,2023-04-27,0,1,1,1,0,0,0,0,1
117,2023-04-28,0,1,1,1,0,0,0,0,1
118,2023-04-29,0,1,1,1,0,0,0,0,1
119,2023-04-30,0,1,1,1,0,0,0,0,1
120,2023-05-01,0,1,1,1,0,0,0,0,1
121,2023-05-02,0,0,1,0,0,0,0,0,1
122,2023-05-03,0,0,1,0,0,0,0,0,1
123,2023-05-04,0,0,1,0,0,0,0,0,1
124,2023-05-05,0,0,1,0,0,0,0,0,1
125,2023-05-06,0,0,1,0,0,0,0,0,1
126,2023-05-07,0,0,1,0,0,0,0,0,1
127,2023-05-08,0,0,1,0,0,0,0,0,0
128,2023-05-09,0,0,0,0,0,0,0,0,0
129,2023-05-10,0,0,0,0,0,0,0,0,0
130,2023-05-11,0,0,0,0,0,0,0,0,0
131,2023-05-12,0,0,0,0,0,1,0,0,0
132,2023-05-13,0,0,0,0,0,1,0,0,0
133,2023-05-14,0,0,0,0,0,1,0,0,0
134,2023-05-15,0,0,0,0,0,1,0,0,0
135,2023-05-16,0,0,0,0,0,1,0,0,0
136,2023-05-17,0,0,0,0,0,1,0,0,0
137,2023-05-18,0,0,0,0,0,1,0,0,0
138,2023-05-19,0,0,0,0,0,1,0,0,0
139,2023-05-20,0,0,0,0,0,1,0,0,0
140,2023-05-21,0,0,0,0,0,1,0,0,0
141,2023-05-22,0,0,0,0,0,1,0,0,0
142,2023-05-23,0,0,0,0,0,1,0,0,0
143,2023-05-24,0,0,0,0,0,1,0,0,0
144,2023-05-25,0,0,0,0,0,1,0,0,0
145,2023-05-26,0,0,0,0,0,1,0,0,0
146,2023-05-27,0,0,0,0,0,1,0,0,0
147,2023-05-28,0,0,0,0,0,1,0,0,0
148,2023-05-29,0,0,0,0,0,1,0,0,0
149,2023-05-30,0,0,0,0,0,0,0,0,0
150,2023-05-31,0,0,0,0,0,0,0,0,0
151,2023-06-01,0,0,0,0,0,0,0,0,0
152,2023-06-02,0,0,0,0,0,0,0,0,0
153,2023-06-03,0,0,0,0,0,0,0,0,0
154,2023-06-04,0,0,0,0,0,0,0,0,0
155,2023-06-05,0,0,0,0,0,0,0,0,0
156,2023-06-06,0,0,0,0,0,0,0,0,0
157,2023-06-07,0,0,0,0,0,0,0,0,0
158,2023-06-08,0,0,0,0,0,0,0,0,0
159,2023-06-09,0,0,0,0,0,0,0,0,0
160,2023-06-10,0,0,0,0,0,0,0,0,0
161,2023-06-11,0,0,0,0,0,0,0,0,0
162,2023-06-12,0,0,0,0,0,0,0,0,0
163,2023-06-13,0,0,0,0,0,0,0,0,0
164,2023-06-14,0,0,0,0,0,0,0,0,0
165,2023-06-15,0,0,0,0,0,0,0,0,0
166,2023-06-16,0,0,0,0,0,0,0,0,0
167,2023-06-17,0,0,0,0,0,0,0,0,0
168,2023-06-18,0,0,0,0,0,0,0,0,0
169,2023-06-19,0,0,0,0,0,0,0,0,0
170,2023-06-20,0,0,0,0,0,0,0,0,0
171,2023-06-21,0,0,0,0,0,0,0,0,0
172,2023-06-22,0,0,0,0,0,0,0,0,0
173,2023-06-23,0,0,0,0,0,0,0,0,0
174,2023-06-24,0,0,0,0,0,0,0,0,0
175,2023-06-25,0,0,0,0,0,0,0,0,0
176,2023-06-26,0,0,0,0,0,0,0,0,0
177,2023-06-27,0,0,0,0,0,0,0,0,0
178,2023-06-28,0,0,0,0,0,0,0,0,0
179,2023-06-29,0,0,0,0,0,0,0,0,0
180,2023-06-30,0,0,0,0,0,0,0,0,0
181,2023-07-01,0,0,0,0,0,0,0,0,0
182,2023-07-02,0,0,0,0,0,0,0,0,0
183,2023-07-03,0,0,0,0,0,0,0,0,0
184,2023-07-04,0,0,0,0,0,0,0,0,0
185,2023-07-05,0,0,0,0,0,0,0,0,0
186,2023-07-06,0,0,0,1,0,0,0,0,0
187,2023-07-07,1,1,1,1,1,1,1,1,1
188,2023-07-08,1,1,1,1,1,1,1,1,1
189,2023-07-09,1,1,1,1,1,1,1,1,1
190,2023-07-10,1,1,1,1,1,1,1,1,1
191,2023-07-11,1,1,1,1,1,1,1,1,1
192,2023-07-12,1,1,1,1,1,1,1,1,1
193,2023-07-13,1,1,1,1,1,1,1,1,1
194,2023-07-14,1,1,1,1,1,1,1,1,1
195,2023-07-15,1,1,1,1,1,1,1,1,1
196,2023-07-16,1,1,1,1,1,1,1,1,1
197,2023-07-17,1,1,1,1,1,1,1,1,1
198,2023-07-18,1,1,1,1,1,1,1,1,1
199,2023-07-19,1,1,1,1,1,1,1,1,1
200,2023-07-20,1,1,1,1,1,1,1,1,1
201,2023-07-21,1,1,1,1,1,1,1,1,1
202,2023-07-22,1,1,1,1,1,1,1,1,1
203,2023-07-23,1,1,1,1,1,1,1,1,1
204,2023-07-24,1,1,1,1,1,1,1,1,1
205,2023-07-25,1,1,1,1,1,1,1,1,1
206,2023-07-26,1,1,1,1,1,1,1,1,1
207,2023-07-27,1,1,1,1,1,1,1,1,1
208,2023-07-28,1,1,1,1,1,1,1,1,1
209,2023-07-29,1,1,1,1,1,1,1,1,1
210,2023-07-30,1,1,1,1,1,1,1,1,1
211,2023-07-31,1,1,1,1,1,1,1,1,1
212,2023-08-01,1,1,1,1,1,1,1,1,1
213,2023-08-02,1,1,1,1,1,1,1,1,1
214,2023-08-03,1,1,1,1,1,1,1,1,1
215,2023-08-04,1,1,1,1,1,1,1,1,1
216,2023-08-05,1,1,1,1,1,1,1,1,1
217,2023-08-06,1,1,1,1,1,1,1,1,1
218,2023-08-07,1,1,1,1,1,1,1,1,1
219,2023-08-08,1,1,1,1,1,1,1,1,1
220,2023-08-09,1,1,1,1,1,1,1,1,1
221,2023-08-10,1,1,1,1,1,1,1,1,1
222,2023-08-11,1,1,1,1,1,1,1,1,1
223,2023-08-12,1,1,1,1,1,1,1,1,1
224,2023-08-13,1,1,1,1,1,1,1,1,1
225,2023-08-14,1,1,1,1,1,1,1,1,1
226,2023-08-15,1,1,1,1,1,1,1,1,1
227,2023-08-16,1,1,1,1,1,1,1,1,1
228,2023-08-17,1,1,1,1,1,0,1,1,1
229,2023-08-18,1,1,1,1,1,0,1,1,1
230,2023-08-19,1,1,1,1,1,0,1,1,1
231,2023-08-20,1,1,1,1,1,0,1,1,1
232,2023-08-21,1,1,1,1,1,0,1,1,1
233,2023-08-22,1,1,1,1,1,0,1,1,1
234,2023-08-23,1,1,1,1,1,0,1,1,0
235,2023-08-24,1,1,1,1,1,0,1,1,0
236,2023-08-25,1,1,1,1,1,0,1,1,0
237,2023-08-26,1,1,1,1,1,0,1,1,0
238,2023-08-27,1,1,1,1,1,0,1,1,0
239,2023-08-28,1,1,1,1,1,0,1,1,0
240,2023-08-29,1,1,1,1,1,0,1,1,0
241,2023-08-30,1,1,1,1,1,0,1,1,0
242,2023-08-31,1,1,1,1,1,0,1,1,0
243,2023-09-01,1,1,1,1,1,0,1,1,0
244,2023-09-02,1,1,1,1,1,0,1,1,0
245,2023-09-03,1,1,1,1,1,0,1,1,0
246,2023-09-04,0,0,0,1,0,0,0,0,0
247,2023-09-05,0,0,0,0,0,0,0,0,0
248,2023-09-06,0,0,0,0,0,0,0,0,0
249,2023-09-07,0,0,0,0,0,0,0,0,0
250,2023-09-08,0,0,0,0,0,0,0,0,0
251,2023-09-09,0,0,0,0,0,0,0,0,0
252,2023-09-10,0,0,0,0,0,0,0,0,0
253,2023-09-11,0,0,0,0,0,0,0,0,0
254,2023-09-12,0,0,0,0,0,0,0,0,0
255,2023-09-13,0,0,0,0,0,0,0,0,0
256,2023-09-14,0,0,0,0,0,0,0,0,0
257,2023-09-15,0,0,0,0,0,0,0,0,0
258,2023-09-16,0,0,0,0,0,0,0,0,0
259,2023-09-17,0,0,0,0,0,0,0,0,0
260,2023-09-18,0,0,0,0,0,0,0,0,0
261,2023-09-19,0,0,0,0,0,0,0,0,0
262,2023-09-20,0,0,0,0,0,0,0,0,0
263,2023-09-21,0,0,0,0,0,0,0,0,0
264,2023-09-22,0,0,0,0,0,0,0,0,0
265,2023-09-23,0,0,0,0,0,0,0,0,0
266,2023-09-24,0,0,0,0,0,0,0,0,0
267,2023-09-25,0,0,0,0,0,0,0,0,0
268,2023-09-26,0,0,0,0,0,0,0,0,0
269,2023-09-27,0,0,0,0,0,0,0,0,0
270,2023-09-28,0,0,0,0,0,0,0,0,0
271,2023-09-29,0,0,0,0,0,0,0,0,0
272,2023-09-30,0,0,0,0,0,0,0,0,0
273,2023-10-01,0,0,0,0,0,0,0,0,0
274,2023-10-02,0,0,0,0,0,0,0,0,0
275,2023-10-03,0,0,0,0,0,0,0,0,0
276,2023-10-04,0,0,0,0,0,0,0,0,0
277,2023-10-05,0,0,0,0,0,0,0,0,0
278,2023-10-06,0,0,0,0,0,0,0,0,0
279,2023-10-07,0,0,0,0,0,0,0,0,0
280,2023-10-08,0,0,0,0,0,0,0,0,0
281,2023-10-09,0,0,0,0,0,0,0,0,0
282,2023-10-10,0,0,0,0,0,0,0,0,0
283,2023-10-11,0,0,0,0,0,0,0,0,0
284,2023-10-12,0,0,0,0,0,0,0,0,0
285,2023-10-13,0,0,0,0,0,1,0,0,1
286,2023-10-14,0,0,0,0,0,1,0,0,1
287,2023-10-15,0,0,0,0,0,1,0,0,1
288,2023-10-16,0,0,0,0,0,1,0,0,1
289,2023-10-17,0,0,0,0,0,1,0,0,1
290,2023-10-18,0,0,0,0,0,1,0,0,1
291,2023-10-19,0,0,0,0,0,1,0,0,1
292,2023-10-20,1,1,1,1,1,1,1,1,1
293,2023-10-21,1,1,1,1,1,1,1,1,1
294,2023-10-22,1,1,1,1,1,1,1,1,1
295,2023-10-23,1,1,1,1,1,1,1,1,1
296,2023-10-24,1,1,1,1,1,1,1,1,1
297,2023-10-25,1,1,1,1,1,1,1,1,1
298,2023-10-26,1,1,1,1,1,1,1,1,1
299,2023-10-27,1,1,1,1,1,1,1,1,1
300,2023-10-28,1,1,1,1,1,1,1,1,1
301,2023-10-29,1,1,1,1,1,1,1,1,1
302,2023-10-30,1,1,1,1,1,0,1,1,0
303,2023-10-31,1,1,1,1,1,0,1,1,0
304,2023-11-01,1,1,1,1,1,0,1,1,0
305,2023-11-02,1,1,1,1,1,0,1,1,0
306,2023-11-03,1,1,1,1,1,0,1,1,0
307,2023-11-04,1,1,1,1,1,0,1,1,0
308,2023-11-05,1,1,1,1,1,0,1,1,0
309,2023-11-06,0,0,0,0,0,0,0,0,0
310,2023-11-07,0,0,0,0,0,0,0,0,0
311,2023-11-08,0,0,0,0,0,0,0,0,0
312,2023-11-09,0,0,0,0,0,0,0,0,0
313,2023-11-10,0,0,0,0,0,0,0,0,0
314,2023-11-11,0,0,0,0,0,0,0,0,0
315,2023-11-12,0,0,0,0,0,0,0,0,0
316,2023-11-13,0,0,0,0,0,0,0,0,0
317,2023-11-14,0,0,0,0,0,0,0,0,0
318,2023-11-15,0,0,0,0,0,0,0,0,0
319,2023-11-16,0,0,0,0,0,0,0,0,0
320,2023-11-17,0,0,0,0,0,0,0,0,0
321,2023-11-18,0,0,0,0,0,0,0,0,0
322,2023-11-19,0,0,0,0,0,0,0,0,0
323,2023-11-20,0,0,0,0,0,0,0,0,0
324,2023-11-21,0,0,0,0,0,0,0,0,0
325,2023-11-22,0,0,0,0,0,0,0,0,0
326,2023-11-23,0,0,0,0,0,0,0,0,0
327,2023-11-24,0,0,0,0,0,0,0,0,0
328,2023-11-25,0,0,0,0,0,0,0,0,0
329,2023-11-26,0,0,0,0,0,0,0,0,0
330,2023-11-27,0,0,0,0,0,0,0,0,0
331,2023-11-28,0,0,0,0,0,0,0,0,0
332,2023-11-29,0,0,0,0,0,0,0,0,0
333,2023-11-30,0,0,0,0,0,0,0,0,0
334,2023-12-01,0,0,0,0,0,0,0,0,0
335,2023-12-02,0,0,0,0,0,0,0,0,0
336,2023-12-03,0,0,0,0,0,0,0,0,0
337,2023-12-04,0,0,0,0,0,0,0,0,0
338,2023-12-05,0,0,0,0,0,0,0,0,0
339,2023-12-06,0,0,0,0,0,0,0,0,0
340,2023-12-07,0,0,0,0,0,0,0,0,0
341,2023-12-08,0,0,0,0,0,0,0,0,0
342,2023-12-09,0,0,0,0,0,0,0,0,0
343,2023-12-10,0,0,0,0,0,0,0,0,0
344,2023-12-11,0,0,0,0,0,0,0,0,0
345,2023-12-12,0,0,0,0,0,0,0,0,0
346,2023-12-13,0,0,0,0,0,0,0,0,0
347,2023-12-14,0,0,0,0,0,0,0,0,0
348,2023-12-15,0,0,0,0,0,0,0,0,1
349,2023-12-16,0,0,0,0,0,0,0,0,1
350,2023-12-17,0,0,0,0,0,0,0,0,1
351,2023-12-18,0,0,0,0,0,1,0,0,1
352,2023-12-19,0,0,0,0,0,1,0,0,1
353,2023-12-20,0,0,0,0,0,1,0,0,1
354,2023-12-21,0,0,0,0,0,1,0,0,1
355,2023-12-22,1,1,1,1,1,1,1,1,1
356,2023-12-23,1,1,1,1,1,1,1,1,1
357,2023-12-24,1,1,1,1,1,1,1,1,1
358,2023-12-25,1,1,1,1,1,1,1,1,1
359,2023-12-26,1,1,1,1,1,1,1,1,1
360,2023-12-27,1,1,1,1,1,1,1,1,1
361,2023-12-28,1,1,1,1,1,1,1,1,1
362,2023-12-29,1,1,1,1,1,1,1,1,1
363,2023-12-30,1,1,1,1,1,1,1,1,1
364,2023-12-31,1,1,1,1,1,1,1,1,1
365,2024-01-01,1,1,1,1,1,1,1,1,1
366,2024-01-02,1,1,1,1,1,1,1,1,1
367,2024-01-03,1,1,1,1,1,1,1,1,1
368,2024-01-04,1,1,1,1,1,1,1,1,1
369,2024-01-05,1,1,1,1,1,1,1,1,1
370,2024-01-06,1,1,1,1,1,1,1,1,1
371,2024-01-07,1,1,1,1,1,1,1,1,1
372,2024-01-08,0,0,0,0,0,1,0,0,1
373,2024-01-09,0,0,0,0,0,1,0,0,1
374,2024-01-10,0,0,0,0,0,1,0,0,1
375,2024-01-11,0,0,0,0,0,1,0,0,1
376,2024-01-12,0,0,0,0,0,1,0,0,1
377,2024-01-13,0,0,0,0,0,1,0,0,1
378,2024-01-14,0,0,0,0,0,1,0,0,1
379,2024-01-15,0,0,0,0,0,1,0,0,0
380,2024-01-16,0,0,0,0,0,1,0,0,0
381,2024-01-17,0,0,0,0,0,1,0,0,0
382,2024-01-18,0,0,0,0,0,1,0,0,0
383,2024-01-19,0,0,0,0,0,1,0,0,0
384,2024-01-20,0,0,0,0,0,1,0,0,0
385,2024-01-21,0,0,0,0,0,1,0,0,0
386,2024-01-22,0,0,0,0,0,0,0,0,0
387,2024-01-23,0,0,0,0,0,0,0,0,0
388,2024-01-24,0,0,0,0,0,0,0,0,0
389,2024-01-25,0,0,0,0,0,0,0,0,0
390,2024-01-26,0,0,0,0,0,0,0,0,0
391,2024-01-27,0,0,0,0,0,0,0,0,0
392,2024-01-28,0,0,0,0,0,0,0,0,0
393,2024-01-29,0,0,0,0,0,0,0,0,0
394,2024-01-30,0,0,0,0,0,0,0,0,0
395,2024-01-31,0,0,0,0,0,0,0,0,0
396,2024-02-01,0,0,0,0,0,0,0,0,0
397,2024-02-02,0,0,0,0,0,0,0,0,0
398,2024-02-03,0,0,0,0,0,0,0,0,0
399,2024-02-04,0,0,0,0,0,0,0,0,0
400,2024-02-05,0,0,0,0,0,0,0,0,0
401,2024-02-06,0,0,0,0,0,0,0,0,0
402,2024-02-07,0,0,0,0,0,0,0,0,0
403,2024-02-08,0,0,0,0,0,0,0,0,0
404,2024-02-09,0,0,1,0,1,0,1,1,0
405,2024-02-10,0,0,1,0,1,0,1,1,0
406,2024-02-11,0,0,1,0,1,0,1,1,0
407,2024-02-12,0,0,1,0,1,0,1,1,0
408,2024-02-13,0,0,1,0,1,0,1,1,0
409,2024-02-14,0,0,1,0,1,0,1,1,0
410,2024-02-15,0,0,1,0,1,0,1,1,0
411,2024-02-16,1,0,1,0,1,0,1,1,0
412,2024-02-17,1,0,1,0,1,0,1,1,0
413,2024-02-18,1,0,1,0,1,0,1,1,0
414,2024-02-19,1,0,1,0,1,0,1,1,0
415,2024-02-20,1,0,1,0,1,0,1,1,0
416,2024-02-21,1,0,1,0,1,0,1,1,0
417,2024-02-22,1,0,1,0,1,0,1,1,0
418,2024-02-23,1,1,1,1,1,0,1,1,1
419,2024-02-24,1,1,1,1,1,0,1,1,1
420,2024-02-25,1,1,1,1,1,0,1,1,1
421,2024-02-26,1,1,0,1,0,0,0,0,1
422,2024-02-27,1,1,0,1,0,0,0,0,1
423,2024-02-28,1,1,0,1,0,0,0,0,1
424,2024-02-29,1,1,0,1,0,0,0,0,1
425,2024-03-01,1,1,0,1,0,1,0,0,1
426,2024-03-02,1,1,0,1,0,1,0,0,1
427,2024-03-03,1,1,0,1,0,1,0,0,1
428,2024-03-04,0,1,0,1,0,1,0,0,1
429,2024-03-05,0,1,0,1,0,1,0,0,1
430,2024-03-06,0,1,0,1,0,1,0,0,1
431,2024-03-07,0,1,0,1,0,1,0,0,1
432,2024-03-08,0,1,0,1,0,1,0,0,1
433,2024-03-09,0,1,0,1,0,1,0,0,1
434,2024-03-10,0,1,0,1,0,1,0,0,1
435,2024-03-11,0,0,0,0,0,1,0,0,0
436,2024-03-12,0,0,0,0,0,1,0,0,0
437,2024-03-13,0,0,0,0,0,1,0,0,0
438,2024-03-14,0,0,0,0,0,1,0,0,0
439,2024-03-15,0,0,0,0,0,1,0,0,0
440,2024-03-16,0,0,0,0,0,1,0,0,0
441,2024-03-17,0,0,0,0,0,1,0,0,0
442,2024-03-18,0,0,0,0,0,0,0,0,0
443,2024-03-19,0,0,0,0,0,0,0,0,0
444,2024-03-20,0,0,0,0,0,0,0,0,0
445,2024-03-21,0,0,0,0,0,0,0,0,0
446,2024-03-22,0,0,0,0,0,0,1,0,0
447,2024-03-23,0,0,0,0,0,0,1,0,0
448,2024-03-24,0,0,0,0,0,0,1,0,0
449,2024-03-25,0,0,0,0,0,0,1,0,0
450,2024-03-26,0,0,0,0,0,0,1,0,0
451,2024-03-27,0,0,0,0,1,0,1,0,0
452,2024-03-28,0,0,0,0,1,0,1,0,0
453,2024-03-29,0,0,0,0,1,0,1,0,0
454,2024-03-30,0,0,0,0,1,0,1,0,0
455,2024-03-31,0,0,0,0,1,0,1,0,0
456,2024-04-01,0,0,0,0,1,0,1,0,0
457,2024-04-02,0,0,0,0,1,0,1,0,0
458,2024-04-03,0,0,0,0,1,0,1,0,0
459,2024-04-04,0,0,0,0,1,0,1,0,0
460,2024-04-05,0,0,1,0,1,0,1,0,0
461,2024-04-06,0,0,1,0,1,0,1,0,0
462,2024-04-07,0,0,1,0,1,0,1,0,0
463,2024-04-08,0,0,1,0,1,0,0,0,0
464,2024-04-09,0,0,1,0,1,0,0,0,0
465,2024-04-10,0,0,1,0,1,0,0,0,0
466,2024-04-11,0,0,1,0,1,0,0,0,0
467,2024-04-12,1,0,1,0,1,0,0,0,0
468,2024-04-13,1,0,1,0,1,0,0,0,0
469,2024-04-14,1,0,1,0,1,0,0,0,0
470,2024-04-15,1,0,1,0,0,0,0,0,0
471,2024-04-16,1,0,1,0,0,0,0,0,0
472,2024-04-17,1,0,1,0,0,0,0,0,0
473,2024-04-18,1,0,1,0,0,0,0,0,0
474,2024-04-19,1,1,1,0,0,0,0,1,0
475,2024-04-20,1,1,1,0,0,0,0,1,0
476,2024-04-21,1,1,1,0,0,0,0,1,0
477,2024-04-22,1,1,0,0,0,0,0,1,0
478,2024-04-23,1,1,0,0,0,0,0,1,0
479,2024-04-24,1,1,0,0,0,0,0,1,0
480,2024-04-25,1,1,0,0,0,0,0,1,0
481,2024-04-26,1,1,0,1,0,0,0,1,1
482,2024-04-27,1,1,0,1,0,0,0,1,1
483,2024-04-28,1,1,0,1,0,0,0,1,1
484,2024-04-29,0,1,0,1,0,0,0,1,1
485,2024-04-30,0,1,0,1,0,0,0,1,1
486,2024-05-01,0,1,0,1,0,0,0,1,1
487,2024-05-02,0,1,0,1,0,0,0,0,1
488,2024-05-03,0,1,0,1,0,1,0,0,1
489,2024-05-04,0,1,0,1,0,1,0,0,1
490,2024-05-05,0,1,0,1,0,1,0,0,1
491,2024-05-06,0,0,0,1,0,1,0,0,1
492,2024-05-07,0,0,0,1,0,1,0,0,1
493,2024-05-08,0,0,0,1,0,1,0,0,1
494,2024-05-09,0,0,0,1,0,1,0,0,1
495,2024-05-10,0,0,0,1,0,1,0,0,1
496,2024-05-11,0,0,0,1,0,1,0,0,1
497,2024-05-12,0,0,0,1,0,1,0,0,1
498,2024-05-13,0,0,0,0,0,1,0,0,0
499,2024-05-14,0,0,0,0,0,1,0,0,0
500,2024-05-15,0,0,0,0,0,1,0,0,0
501,2024-05-16,0,0,0,0,0,1,0,0,0
502,2024-05-17,0,0,0,0,0,1,0,0,0
503,2024-05-18,0,0,0,0,0,1,0,0,0
504,2024-05-19,0,0,0,0,0,1,0,0,0
505,2024-05-20,0,0,0,0,0,1,0,0,0
506,2024-05-21,0,0,0,0,0,0,0,0,0
507,2024-05-22,0,0,0,0,0,0,0,0,0
508,2024-05-23,0,0,0,0,0,0,0,0,0
509,2024-05-24,0,0,0,0,0,0,0,0,0
510,2024-05-25,0,0,0,0,0,0,0,0,0
511,2024-05-26,0,0,0,0,0,0,0,0,0
512,2024-05-27,0,0,0,0,0,0,0,0,0
513,2024-05-28,0,0,0,0,0,0,0,0,0
514,2024-05-29,0,0,0,0,0,0,0,0,0
515,2024-05-30,0,0,0,0,0,0,0,0,0
516,2024-05-31,0,0,0,0,0,0,0,0,0
517,2024-06-01,0,0,0,0,0,0,0,0,0
518,2024-06-02,0,0,0,0,0,0,0,0,0
519,2024-06-03,0,0,0,0,0,0,0,0,0
520,2024-06-04,0,0,0,0,0,0,0,0,0
521,2024-06-05,0,0,0,0,0,0,0,0,0
522,2024-06-06,0,0,0,0,0,0,0,0,0
523,2024-06-07,0,0,0,0,0,0,0,0,0
524,2024-06-08,0,0,0,0,0,0,0,0,0
525,2024-06-09,0,0,0,0,0,0,0,0,0
526,2024-06-10,0,0,0,0,0,0,0,0,0
527,2024-06-11,0,0,0,0,0,0,0,0,0
528,2024-06-12,0,0,0,0,0,0,0,0,0
529,2024-06-13,0,0,0,0,0,0,0,0,0
530,2024-06-14,0,0,0,0,0,0,0,0,0
531,2024-06-15,0,0,0,0,0,0,0,0,0
532,2024-06-16,0,0,0,0,0,0,0,0,0
533,2024-06-17,0,0,0,0,0,0,0,0,0
534,2024-06-18,0,0,0,0,0,0,0,0,0
535,2024-06-19,0,0,0,0,0,0,0,0,0
536,2024-06-20,0,0,0,0,0,0,0,0,0
537,2024-06-21,0,0,0,0,0,0,0,0,0
538,2024-06-22,0,0,0,0,0,0,0,0,0
539,2024-06-23,0,0,0,0,0,0,0,0,0
540,2024-06-24,0,0,0,0,0,0,0,0,0
541,2024-06-25,0,0,0,0,0,0,0,0,0
542,2024-06-26,0,0,0,0,0,0,0,0,0
543,2024-06-27,0,0,0,0,0,0,0,0,0
544,2024-06-28,0,0,0,0,0,0,0,0,0
545,2024-06-29,0,0,0,0,0,0,0,0,0
546,2024-06-30,0,0,0,0,0,0,0,0,0
547,2024-07-01,0,0,0,0,0,0,0,0,0
548,2024-07-02,0,0,0,0,0,0,0,0,0
549,2024-07-03,0,0,0,0,0,0,0,0,0
550,2024-07-04,0,0,0,0,0,0,0,0,0
551,2024-07-05,1,1,1,1,1,1,1,1,1
552,2024-07-06,1,1,1,1,1,1,1,1,1
553,2024-07-07,1,1,1,1,1,1,1,1,1
554,2024-07-08,1,1,1,1,1,1,1,1,1
555,2024-07-09,1,1,1,1,1,1,1,1,1
556,2024-07-10,1,1,1,1,1,1,1,1,1
557,2024-07-11,1,1,1,1,1,1,1,1,1
558,2024-07-12,1,1,1,1,1,1,1,1,1
559,2024-07-13,1,1,1,1,1,1,1,1,1
560,2024-07-14,1,1,1,1,1,1,1,1,1
561,2024-07-15,1,1,1,1,1,1,1,1,1
562,2024-07-16,1,1,1,1,1,1,1,1,1
563,2024-07-17,1,1,1,1,1,1,1,1,1
564,2024-07-18,1,1,1,1,1,1,1,1,1
565,2024-07-19,1,1,1,1,1,1,1,1,1
566,2024-07-20,1,1,1,1,1,1,1,1,1
567,2024-07-21,1,1,1,1,1,1,1,1,1
568,2024-07-22,1,1,1,1,1,1,1,1,1
569,2024-07-23,1,1,1,1,1,1,1,1,1
570,2024-07-24,1,1,1,1,1,1,1,1,1
571,2024-07-25,1,1,1,1,1,1,1,1,1
572,2024-07-26,1,1,1,1,1,1,1,1,1
573,2024-07-27,1,1,1,1,1,1,1,1,1
574,2024-07-28,1,1,1,1,1,1,1,1,1
575,2024-07-29,1,1,1,1,1,1,1,1,1
576,2024-07-30,1,1,1,1,1,1,1,1,1
577,2024-07-31,1,1,1,1,1,1,1,1,1
578,2024-08-01,1,1,1,1,1,1,1,1,1
579,2024-08-02,1,1,1,1,1,1,1,1,1
580,2024-08-03,1,1,1,1,1,1,1,1,1
581,2024-08-04,1,1,1,1,1,1,1,1,1
582,2024-08-05,1,1,1,1,1,1,1,1,1
583,2024-08-06,1,1,1,1,1,1,1,1,1
584,2024-08-07,1,1,1,1,1,1,1,1,1
585,2024-08-08,1,1,1,1,1,1,1,1,1
586,2024-08-09,1,1,1,1,1,1,1,1,1
587,2024-08-10,1,1,1,1,1,1,1,1,1
588,2024-08-11,1,1,1,1,1,1,1,1,1
589,2024-08-12,1,1,1,1,1,1,1,1,1
590,2024-08-13,1,1,1,1,1,1,1,1,1
591,2024-08-14,1,1,1,1,1,1,1,1,1
592,2024-08-15,1,1,1,1,1,1,1,1,1
593,2024-08-16,1,1,1,1,1,1,1,1,1
594,2024-08-17,1,1,1,1,1,1,1,1,1
595,2024-08-18,1,1,1,1,1,1,1,1,1
596,2024-08-19,1,1,1,1,1,0,1,1,1
597,2024-08-20,1,1,1,1,1,0,1,1,1
598,2024-08-21,1,1,1,1,1,0,1,1,1
599,2024-08-22,1,1,1,1,1,0,1,1,1
600,2024-08-23,1,1,1,1,1,0,1,1,1
601,2024-08-24,1,1,1,1,1,0,1,1,1
602,2024-08-25,1,1,1,1,1,0,1,1,1
603,2024-08-26,1,1,1,1,1,0,1,1,0
604,2024-08-27,1,1,1,1,1,0,1,1,0
605,2024-08-28,1,1,1,1,1,0,1,1,0
606,2024-08-29,1,1,1,1,1,0,1,1,0
607,2024-08-30,1,1,1,1,1,0,1,1,0
608,2024-08-31,1,1,1,1,1,0,1,1,0
609,2024-09-01,1,1,1,1,1,0,1,1,0
610,2024-09-02,0,0,0,1,0,0,0,0,0
611,2024-09-03,0,0,0,1,0,0,0,0,0
612,2024-09-04,0,0,0,1,0,0,0,0,0
613,2024-09-05,0,0,0,0,0,0,0,0,0
614,2024-09-06,0,0,0,0,0,0,0,0,0
615,2024-09-07,0,0,0,0,0,0,0,0,0
616,2024-09-08,0,0,0,0,0,0,0,0,0
617,2024-09-09,0,0,0,0,0,0,0,0,0
618,2024-09-10,0,0,0,0,0,0,0,0,0
619,2024-09-11,0,0,0,0,0,0,0,0,0
620,2024-09-12,0,0,0,0,0,0,0,0,0
621,2024-09-13,0,0,0,0,0,0,0,0,0
622,2024-09-14,0,0,0,0,0,0,0,0,0
623,2024-09-15,0,0,0,0,0,0,0,0,0
624,2024-09-16,0,0,0,0,0,0,0,0,0
625,2024-09-17,0,0,0,0,0,0,0,0,0
626,2024-09-18,0,0,0,0,0,0,0,0,0
627,2024-09-19,0,0,0,0,0,0,0,0,0
628,2024-09-20,0,0,0,0,0,0,0,0,0
629,2024-09-21,0,0,0,0,0,0,0,0,0
630,2024-09-22,0,0,0,0,0,0,0,0,0
631,2024-09-23,0,0,0,0,0,0,0,0,0
632,2024-09-24,0,0,0,0,0,0,0,0,0
633,2024-09-25,0,0,0,0,0,0,0,0,0
634,2024-09-26,0,0,0,0,0,0,0,0,0
635,2024-09-27,0,0,0,0,0,0,0,0,0
636,2024-09-28,0,0,0,0,0,0,0,0,0
637,2024-09-29,0,0,0,0,0,0,0,0,0
638,2024-09-30,0,0,0,0,0,0,0,0,0
639,2024-10-01,0,0,0,0,0,0,0,0,0
640,2024-10-02,0,0,0,0,0,0,0,0,0
641,2024-10-03,0,0,0,0,0,0,0,0,0
642,2024-10-04,0,0,0,0,0,0,0,0,0
643,2024-10-05,0,0,0,0,0,0,0,0,0
644,2024-10-06,0,0,0,0,0,0,0,0,0
645,2024-10-07,0,0,0,0,0,0,0,0,0
646,2024-10-08,0,0,0,0,0,0,0,0,0
647,2024-10-09,0,0,0,0,0,0,0,0,0
648,2024-10-10,0,0,0,0,0,0,0,0,0
649,2024-10-11,0,0,0,0,0,1,0,0,1
650,2024-10-12,0,0,0,0,0,1,0,0,1
651,2024-10-13,0,0,0,0,0,1,0,0,1
652,2024-10-14,0,0,0,0,0,1,0,0,1
653,2024-10-15,0,0,0,0,0,1,0,0,1
654,2024-10-16,0,0,0,0,0,1,0,0,1
655,2024-10-17,0,0,0,0,0,1,0,0,1
656,2024-10-18,1,0,1,1,0,1,1,1,1
657,2024-10-19,1,0,1,1,0,1,1,1,1
658,2024-10-20,1,0,1,1,0,1,1,1,1
659,2024-10-21,1,0,1,1,1,1,1,1,1
660,2024-10-22,1,0,1,1,1,1,1,1,1
661,2024-10-23,1,0,1,1,1,1,1,1,1
662,2024-10-24,1,0,1,1,1,1,1,1,1
663,2024-10-25,1,0,1,1,1,1,1,1,1
664,2024-10-26,1,0,1,1,1,1,1,1,1
665,2024-10-27,1,0,1,1,1,1,1,1,1
666,2024-10-28,1,0,1,1,1,0,1,1,0
667,2024-10-29,1,0,1,1,1,0,1,1,0
668,2024-10-30,1,0,1,1,1,0,1,1,0
669,2024-10-31,1,0,1,1,1,0,1,1,0
670,2024-11-01,1,0,1,1,1,0,1,1,0
671,2024-11-02,1,0,1,1,1,0,1,1,0
672,2024-11-03,1,0,1,1,1,0,1,1,0
673,2024-11-04,0,0,0,0,0,0,0,0,0
674,2024-11-05,0,0,0,0,0,0,0,0,0
675,2024-11-06,0,0,0,0,0,0,0,0,0
676,2024-11-07,0,0,0,0,0,0,0,0,0
677,2024-11-08,0,0,0,0,0,0,0,0,0
678,2024-11-09,0,0,0,0,0,0,0,0,0
679,2024-11-10,0,0,0,0,0,0,0,0,0
680,2024-11-11,0,0,0,0,0,0,0,0,0
681,2024-11-12,0,0,0,0,0,0,0,0,0
682,2024-11-13,0,0,0,0,0,0,0,0,0
683,2024-11-14,0,0,0,0,0,0,0,0,0
684,2024-11-15,0,0,0,0,0,0,0,0,0
685,2024-11-16,0,0,0,0,0,0,0,0,0
686,2024-11-17,0,0,0,0,0,0,0,0,0
687,2024-11-18,0,0,0,0,0,0,0,0,0
688,2024-11-19,0,0,0,0,0,0,0,0,0
689,2024-11-20,0,0,0,0,0,0,0,0,0
690,2024-11-21,0,0,0,0,0,0,0,0,0
691,2024-11-22,0,0,0,0,0,0,0,0,0
692,2024-11-23,0,0,0,0,0,0,0,0,0
693,2024-11-24,0,0,0,0,0,0,0,0,0
694,2024-11-25,0,0,0,0,0,0,0,0,0
695,2024-11-26,0,0,0,0,0,0,0,0,0
696,2024-11-27,0,0,0,0,0,0,0,0,0
697,2024-11-28,0,0,0,0,0,0,0,0,0
698,2024-11-29,0,0,0,0,0,0,0,0,0
699,2024-11-30,0,0,0,0,0,0,0,0,0
700,2024-12-01,0,0,0,0,0,0,0,0,0
701,2024-12-02,0,0,0,0,0,0,0,0,0
702,2024-12-03,0,0,0,0,0,0,0,0,0
703,2024-12-04,0,0,0,0,0,0,0,0,0
704,2024-12-05,0,0,0,0,0,0,0,0,0
705,2024-12-06,0,0,0,0,0,0,0,0,0
706,2024-12-07,0,0,0,0,0,0,0,0,0
707,2024-12-08,0,0,0,0,0,0,0,0,0
708,2024-12-09,0,0,0,0,0,0,0,0,0
709,2024-12-10,0,0,0,0,0,0,0,0,0
710,2024-12-11,0,0,0,0,0,0,0,0,0
711,2024-12-12,0,0,0,0,0,0,0,0,0
712,2024-12-13,0,0,0,0,0,0,0,0,1
713,2024-12-14,0,0,0,0,0,0,0,0,1
714,2024-12-15,0,0,0,0,0,0,0,0,1
715,2024-12-16,0,0,0,0,0,0,0,0,1
716,2024-12-17,0,0,0,0,0,0,0,0,1
717,2024-12-18,0,0,0,0,0,1,0,0,1
718,2024-12-19,0,0,0,0,0,1,0,0,1
719,2024-12-20,1,0,1,1,1,1,1,1,1
720,2024-12-21,1,0,1,1,1,1,1,1,1
721,2024-12-22,1,0,1,1,1,1,1,1,1
722,2024-12-23,1,0,1,1,1,1,1,1,1
723,2024-12-24,1,0,1,1,1,1,1,1,1
724,2024-12-25,1,0,1,1,1,1,1,1,1
725,2024-12-26,1,0,1,1,1,1,1,1,1
726,2024-12-27,1,0,1,1,1,1,1,1,1
727,2024-12-28,1,0,1,1,1,1,1,1,1
728,2024-12-29,1,0,1,1,1,1,1,1,1
729,2024-12-30,1,0,1,1,1,1,1,1,1
730,2024-12-31,1,0,1,1,1,1,1,1,1
731,2025-01-01,1,0,1,1,1,1,1,1,1
732,2025-01-02,1,0,1,1,1,1,1,1,1
733,2025-01-03,1,0,1,1,1,1,1,1,1
734,2025-01-04,1,0,1,1,1,1,1,1,1
735,2025-01-05,1,0,1,1,1,1,1,1,1
736,2025-01-06,0,0,0,0,0,1,0,0,1
737,2025-01-07,0,0,0,0,0,1,0,0,1
738,2025-01-08,0,0,0,0,0,1,0,0,1
739,2025-01-09,0,0,0,0,0,1,0,0,1
740,2025-01-10,0,0,0,0,0,1,0,0,1
741,2025-01-11,0,0,0,0,0,1,0,0,1
742,2025-01-12,0,0,0,0,0,1,0,0,1
743,2025-01-13,0,0,0,0,0,1,0,0,0
744,2025-01-14,0,0,0,0,0,1,0,0,0
745,2025-01-15,0,0,0,0,0,1,0,0,0
746,2025-01-16,0,0,0,0,0,1,0,0,0
747,2025-01-17,0,0,0,0,0,1,0,0,0
748,2025-01-18,0,0,0,0,0,1,0,0,0
749,2025-01-19,0,0,0,0,0,1,0,0,0
750,2025-01-20,0,0,0,0,0,1,0,0,0
751,2025-01-21,0,0,0,0,0,0,0,0,0
752,2025-01-22,0,0,0,0,0,0,0,0,0
753,2025-01-23,0,0,0,0,0,0,0,0,0
754,2025-01-24,0,0,0,0,0,0,0,0,0
755,2025-01-25,0,0,0,0,0,0,0,0,0
756,2025-01-26,0,0,0,0,0,0,0,0,0
757,2025-01-27,0,0,0,0,0,0,0,0,0
758,2025-01-28,0,0,0,0,0,0,0,0,0
759,2025-01-29,0,0,0,0,0,0,0,0,0
760,2025-01-30,0,0,0,0,0,0,0,0,0
761,2025-01-31,0,0,0,0,0,0,0,0,0
762,2025-02-01,0,0,0,0,0,0,0,0,0
763,2025-02-02,0,0,0,0,0,0,0,0,0
764,2025-02-03,0,0,0,0,0,0,0,0,0
765,2025-02-04,0,0,0,0,0,0,0,0,0
766,2025-02-05,0,0,0,0,0,0,0,0,0
767,2025-02-06,0,0,0,0,0,0,0,0,0
768,2025-02-07,0,0,0,0,0,0,0,0,0
769,2025-02-08,0,0,0,0,0,0,0,0,0
770,2025-02-09,0,0,0,0,0,0,0,0,0
771,2025-02-10,0,0,0,0,0,0,0,0,0
772,2025-02-11,0,0,0,0,0,0,0,0,0
773,2025-02-12,0,0,0,0,0,0,0,0,0
774,2025-02-13,0,0,0,0,0,0,0,0,0
775,2025-02-14,0,0,1,1,0,0,0,0,0
776,2025-02-15,0,0,1,1,0,0,0,0,0
777,2025-02-16,0,0,1,1,0,0,0,0,0
778,2025-02-17,0,0,1,1,0,0,0,0,0
779,2025-02-18,0,0,1,1,0,0,0,0,0
780,2025-02-19,0,0,1,1,0,0,0,0,0
781,2025-02-20,0,0,1,1,0,0,0,0,0
782,2025-02-21,0,0,1,1,1,0,1,1,0
783,2025-02-22,0,0,1,1,1,0,1,1,0
784,2025-02-23,0,0,1,1,1,0,1,1,0
785,2025-02-24,0,0,1,1,1,0,1,1,0
786,2025-02-25,0,0,1,1,1,0,1,1,0
787,2025-02-26,0,0,1,1,1,0,1,1,0
788,2025-02-27,0,0,1,1,1,0,1,1,0
789,2025-02-28,0,0,1,1,1,1,1,1,1
790,2025-03-01,0,0,1,1,1,1,1,1,1
791,2025-03-02,0,0,1,1,1,1,1,1,1
792,2025-03-03,0,0,0,0,1,1,1,1,1
793,2025-03-04,0,0,0,0,1,1,1,1,1
794,2025-03-05,0,0,0,0,1,1,1,1,1
795,2025-03-06,0,0,0,0,1,1,1,1,1
796,2025-03-07,0,0,0,0,1,1,1,1,1
797,2025-03-08,0,0,0,0,1,1,1,1,1
798,2025-03-09,0,0,0,0,1,1,1,1,1
799,2025-03-10,0,0,0,0,0,1,0,0,0
800,2025-03-11,0,0,0,0,0,1,0,0,0
801,2025-03-12,0,0,0,0,0,1,0,0,0
802,2025-03-13,0,0,0,0,0,1,0,0,0
803,2025-03-14,0,0,0,0,0,1,0,0,0
804,2025-03-15,0,0,0,0,0,1,0,0,0
805,2025-03-16,0,0,0,0,0,1,0,0,0
806,2025-03-17,0,0,0,0,0,0,0,0,0
807,2025-03-18,0,0,0,0,0,0,0,0,0
808,2025-03-19,0,0,0,0,0,0,0,0,0
809,2025-03-20,0,0,0,0,0,0,0,0,0
810,2025-03-21,0,0,0,0,0,0,0,0,0
811,2025-03-22,0,0,0,0,0,0,0,0,0
812,2025-03-23,0,0,0,0,0,0,0,0,0
813,2025-03-24,0,0,0,0,0,0,0,0,0
814,2025-03-25,0,0,0,0,0,0,0,0,0
815,2025-03-26,0,0,0,0,0,0,0,0,0
816,2025-03-27,0,0,0,0,0,0,0,0,0
817,2025-03-28,0,0,0,0,0,0,0,0,0
818,2025-03-29,0,0,0,0,0,0,0,0,0
819,2025-03-30,0,0,0,0,0,0,0,0,0
820,2025-03-31,0,0,0,0,0,0,0,0,0
821,2025-04-01,0,0,0,0,0,0,0,0,0
822,2025-04-02,0,0,0,0,0,0,0,0,0
823,2025-04-03,0,0,0,0,0,0,0,0,0
824,2025-04-04,0,0,0,0,0,0,0,0,0
825,2025-04-05,0,0,0,0,0,0,0,0,0
826,2025-04-06,0,0,0,0,0,0,0,0,0
827,2025-04-07,0,0,0,0,0,0,0,0,0
828,2025-04-08,0,0,0,0,0,0,0,0,0
829,2025-04-09,0,0,0,0,0,0,0,0,0
830,2025-04-10,0,0,0,0,0,0,0,0,0
831,2025-04-11,0,0,1,1,0,0,1,0,0
832,2025-04-12,0,0,1,1,0,0,1,0,0
833,2025-04-13,0,0,1,1,0,0,1,0,0
834,2025-04-14,0,0,1,1,0,0,1,0,0
835,2025-04-15,0,0,1,1,0,0,1,0,0
836,2025-04-16,0,0,1,1,1,0,1,1,0
837,2025-04-17,0,0,1,1,1,0,1,1,0
838,2025-04-18,0,0,1,1,1,0,1,1,0
839,2025-04-19,0,0,1,1,1,0,1,1,0
840,2025-04-20,0,0,1,1,1,0,1,1,0
841,2025-04-21,0,0,1,1,1,0,1,1,0
842,2025-04-22,0,0,1,1,1,0,1,1,0
843,2025-04-23,0,0,1,1,1,0,1,1,0
844,2025-04-24,0,0,1,1,1,0,1,1,0
845,2025-04-25,0,0,1,1,1,0,1,1,1
846,2025-04-26,0,0,1,1,1,0,1,1,1
847,2025-04-27,0,0,1,1,1,0,1,1,1
848,2025-04-28,0,0,0,0,1,0,0,1,1
849,2025-04-29,0,0,0,0,1,0,0,1,1
850,2025-04-30,0,0,0,0,1,0,0,1,1
851,2025-05-01,0,0,0,0,1,0,0,1,1
852,2025-05-02,0,0,0,0,1,1,0,1,1
853,2025-05-03,0,0,0,0,1,1,0,1,1
854,2025-05-04,0,0,0,0,1,1,0,1,1
855,2025-05-05,0,0,0,0,0,1,0,0,1
856,2025-05-06,0,0,0,0,0,1,0,0,1
857,2025-05-07,0,0,0,0,0,1,0,0,1
858,2025-05-08,0,0,0,0,0,1,0,0,1
859,2025-05-09,0,0,0,0,0,1,0,0,1
860,2025-05-10,0,0,0,0,0,1,0,0,1
861,2025-05-11,0,0,0,0,0,1,0,0,1
862,2025-05-12,0,0,0,0,0,1,0,0,0
863,2025-05-13,0,0,0,0,0,1,0,0,0
864,2025-05-14,0,0,0,0,0,1,0,0,0
865,2025-05-15,0,0,0,0,0,1,0,0,0
866,2025-05-16,0,0,0,0,0,1,0,0,0
867,2025-05-17,0,0,0,0,0,1,0,0,0
868,2025-05-18,0,0,0,0,0,1,0,0,0
869,2025-05-19,0,0,0,0,0,0,0,0,0
870,2025-05-20,0,0,0,0,0,0,0,0,0
871,2025-05-21,0,0,0,0,0,0,0,0,0
872,2025-05-22,0,0,0,0,0,0,0,0,0
873,2025-05-23,0,0,0,0,0,0,0,0,0
874,2025-05-24,0,0,0,0,0,0,0,0,0
875,2025-05-25,0,0,0,0,0,0,0,0,0
876,2025-05-26,0,0,0,0,0,0,0,0,0
877,2025-05-27,0,0,0,0,0,0,0,0,0
878,2025-05-28,0,0,0,0,0,0,0,0,0
879,2025-05-29,0,0,0,0,0,0,0,0,0
880,2025-05-30,0,0,0,0,0,0,0,0,0
881,2025-05-31,0,0,0,0,0,0,0,0,0
882,2025-06-01,0,0,0,0,0,0,0,0,0
883,2025-06-02,0,0,0,0,0,0,0,0,0
884,2025-06-03,0,0,0,0,0,0,0,0,0
885,2025-06-04,0,0,0,0,0,0,0,0,0
886,2025-06-05,0,0,0,0,0,0,0,0,0
887,2025-06-06,0,0,0,0,0,0,0,0,0
888,2025-06-07,0,0,0,0,0,0,0,0,0
889,2025-06-08,0,0,0,0,0,0,0,0,0
890,2025-06-09,0,0,0,0,0,0,0,0,0
891,2025-06-10,0,0,0,0,0,0,0,0,0
892,2025-06-11,0,0,0,0,0,0,0,0,0
893,2025-06-12,0,0,0,0,0,0,0,0,0
894,2025-06-13,0,0,0,0,0,0,0,0,0
895,2025-06-14,0,0,0,0,0,0,0,0,0
896,2025-06-15,0,0,0,0,0,0,0,0,0
897,2025-06-16,0,0,0,0,0,0,0,0,0
898,2025-06-17,0,0,0,0,0,0,0,0,0
899,2025-06-18,0,0,0,0,0,0,0,0,0
900,2025-06-19,0,0,0,0,0,0,0,0,0
901,2025-06-20,0,0,0,0,0,0,0,0,0
902,2025-06-21,0,0,0,0,0,0,0,0,0
903,2025-06-22,0,0,0,0,0,0,0,0,0
904,2025-06-23,0,0,0,0,0,0,0,0,0
905,2025-06-24,0,0,0,0,0,0,0,0,0
906,2025-06-25,0,0,0,0,0,0,0,0,0
907,2025-06-26,0,0,0,0,0,0,0,0,0
908,2025-06-27,0,0,0,0,0,0,0,0,0
909,2025-06-28,0,0,0,0,0,0,0,0,0
910,2025-06-29,0,0,0,0,0,0,0,0,0
911,2025-06-30,0,0,0,0,0,0,0,0,0
912,2025-07-01,0,0,0,0,0,0,0,0,0
913,2025-07-02,0,0,0,0,0,0,0,0,0
914,2025-07-03,0,0,0,0,0,0,0,0,0
915,2025-07-04,0,0,1,1,1,1,1,1,1
916,2025-07-05,0,0,1,1,1,1,1,1,1
917,2025-07-06,0,0,1,1,1,1,1,1,1
918,2025-07-07,0,0,1,1,1,1,1,1,1
919,2025-07-08,0,0,1,1,1,1,1,1,1
920,2025-07-09,0,0,1,1,1,1,1,1,1
921,2025-07-10,0,0,1,1,1,1,1,1,1
922,2025-07-11,0,0,1,1,1,1,1,1,1
923,2025-07-12,0,0,1,1,1,1,1,1,1
924,2025-07-13,0,0,1,1,1,1,1,1,1
925,2025-07-14,0,0,1,1,1,1,1,1,1
926,2025-07-15,0,0,1,1,1,1,1,1,1
927,2025-07-16,0,0,1,1,1,1,1,1,1
928,2025-07-17,0,0,1,1,1,1,1,1,1
929,2025-07-18,0,0,1,1,1,1,1,1,1
930,2025-07-19,0,0,1,1,1,1,1,1,1
931,2025-07-20,0,0,1,1,1,1,1,1,1
932,2025-07-21,0,0,1,1,1,1,1,1,1
933,2025-07-22,0,0,1,1,1,1,1,1,1
934,2025-07-23,0,0,1,1,1,1,1,1,1
935,2025-07-24,0,0,1,1,1,1,1,1,1
936,2025-07-25,0,0,1,1,1,1,1,1,1
937,2025-07-26,0,0,1,1,1,1,1,1,1
938,2025-07-27,0,0,1,1,1,1,1,1,1
939,2025-07-28,0,0,1,1,1,1,1,1,1
940,2025-07-29,0,0,1,1,1,1,1,1,1
941,2025-07-30,0,0,1,1,1,1,1,1,1
942,2025-07-31,0,0,1,1,1,1,1,1,1
943,2025-08-01,0,0,1,1,1,1,1,1,1
944,2025-08-02,0,0,1,1,1,1,1,1,1
945,2025-08-03,0,0,1,1,1,1,1,1,1
946,2025-08-04,0,0,1,1,1,1,1,1,1
947,2025-08-05,0,0,1,1,1,1,1,1,1
948,2025-08-06,0,0,1,1,1,1,1,1,1
949,2025-08-07,0,0,1,1,1,1,1,1,1
950,2025-08-08,0,0,1,1,1,1,1,1,1
951,2025-08-09,0,0,1,1,1,1,1,1,1
952,2025-08-10,0,0,1,1,1,1,1,1,1
953,2025-08-11,0,0,1,1,1,1,1,1,1
954,2025-08-12,0,0,1,1,1,1,1,1,1
955,2025-08-13,0,0,1,1,1,1,1,1,1
956,2025-08-14,0,0,1,1,1,1,1,1,1
957,2025-08-15,0,0,1,1,1,1,1,1,1
958,2025-08-16,0,0,1,1,1,1,1,1,1
959,2025-08-17,0,0,1,1,1,1,1,1,1
960,2025-08-18,0,0,1,1,1,1,1,1,1
961,2025-08-19,0,0,1,1,1,0,1,1,1
962,2025-08-20,0,0,1,1,1,0,1,1,1
963,2025-08-21,0,0,1,1,1,0,1,1,1
964,2025-08-22,0,0,1,1,1,0,1,1,1
965,2025-08-23,0,0,1,1,1,0,1,1,1
966,2025-08-24,0,0,1,1,1,0,1,1,1
967,2025-08-25,0,0,1,1,1,0,1,1,0
968,2025-08-26,0,0,1,1,1,0,1,1,0
969,2025-08-27,0,0,1,1,1,0,1,1,0
970,2025-08-28,0,0,1,1,1,0,1,1,0
971,2025-08-29,0,0,1,1,1,0,1,1,0
972,2025-08-30,0,0,1,1,1,0,1,1,0
973,2025-08-31,0,0,1,1,1,0,1,1,0
974,2025-09-01,0,0,0,1,0,0,0,0,0
975,2025-09-02,0,0,0,0,0,0,0,0,0
976,2025-09-03,0,0,0,0,0,0,0,0,0
977,2025-09-04,0,0,0,0,0,0,0,0,0
978,2025-09-05,0,0,0,0,0,0,0,0,0
979,2025-09-06,0,0,0,0,0,0,0,0,0
980,2025-09-07,0,0,0,0,0,0,0,0,0
981,2025-09-08,0,0,0,0,0,0,0,0,0
982,2025-09-09,0,0,0,0,0,0,0,0,0
983,2025-09-10,0,0,0,0,0,0,0,0,0
984,2025-09-11,0,0,0,0,0,0,0,0,0
985,2025-09-12,0,0,0,0,0,0,0,0,0
986,2025-09-13,0,0,0,0,0,0,0,0,0
987,2025-09-14,0,0,0,0,0,0,0,0,0
988,2025-09-15,0,0,0,0,0,0,0,0,0
989,2025-09-16,0,0,0,0,0,0,0,0,0
990,2025-09-17,0,0,0,0,0,0,0,0,0
991,2025-09-18,0,0,0,0,0,0,0,0,0
992,2025-09-19,0,0,0,0,0,0,0,0,0
993,2025-09-20,0,0,0,0,0,0,0,0,0
994,2025-09-21,0,0,0,0,0,0,0,0,0
995,2025-09-22,0,0,0,0,0,0,0,0,0
996,2025-09-23,0,0,0,0,0,0,0,0,0
997,2025-09-24,0,0,0,0,0,0,0,0,0
998,2025-09-25,0,0,0,0,0,0,0,0,0
999,2025-09-26,0,0,0,0,0,0,0,0,0
1000,2025-09-27,0,0,0,0,0,0,0,0,0
1001,2025-09-28,0,0,0,0,0,0,0,0,0
1002,2025-09-29,0,0,0,0,0,0,0,0,0
1003,2025-09-30,0,0,0,0,0,0,0,0,0
1004,2025-10-01,0,0,0,0,0,0,0,0,0
1005,2025-10-02,0,0,0,0,0,0,0,0,0
1006,2025-10-03,0,0,0,0,0,0,0,0,0
1007,2025-10-04,0,0,0,0,0,0,0,0,0
1008,2025-10-05,0,0,0,0,0,0,0,0,0
1009,2025-10-06,0,0,0,0,0,0,0,0,0
1010,2025-10-07,0,0,0,0,0,0,0,0,0
1011,2025-10-08,0,0,0,0,0,0,0,0,0
1012,2025-10-09,0,0,0,0,0,0,0,0,0
1013,2025-10-10,0,0,0,0,0,1,0,0,1
1014,2025-10-11,0,0,0,0,0,1,0,0,1
1015,2025-10-12,0,0,0,0,0,1,0,0,1
1016,2025-10-13,0,0,0,0,0,1,0,0,1
1017,2025-10-14,0,0,0,0,0,1,0,0,1
1018,2025-10-15,0,0,0,0,0,1,0,0,1
1019,2025-10-16,0,0,0,0,0,1,0,0,1
1020,2025-10-17,0,0,1,1,1,1,1,1,1
1021,2025-10-18,0,0,1,1,1,1,1,1,1
1022,2025-10-19,0,0,1,1,1,1,1,1,1
1023,2025-10-20,0,0,1,1,1,1,1,1,1
1024,2025-10-21,0,0,1,1,1,1,1,1,1
1025,2025-10-22,0,0,1,1,1,1,1,1,1
1026,2025-10-23,0,0,1,1,1,1,1,1,1
1027,2025-10-24,0,0,1,1,1,1,1,1,1
1028,2025-10-25,0,0,1,1,1,1,1,1,1
1029,2025-10-26,0,0,1,1,1,1,1,1,1
1030,2025-10-27,0,0,1,1,1,0,1,1,0
1031,2025-10-28,0,0,1,1,1,0,1,1,0
1032,2025-10-29,0,0,1,1,1,0,1,1,0
1033,2025-10-30,0,0,1,1,1,0,1,1,0
1034,2025-10-31,0,0,1,1,1,0,1,1,0
1035,2025-11-01,0,0,1,1,1,0,1,1,0
1036,2025-11-02,0,0,1,1,1,0,1,1,0
1037,2025-11-03,0,0,0,0,0,0,0,0,0
1038,2025-11-04,0,0,0,0,0,0,0,0,0
1039,2025-11-05,0,0,0,0,0,0,0,0,0
1040,2025-11-06,0,0,0,0,0,0,0,0,0
1041,2025-11-07,0,0,0,0,0,0,0,0,0
1042,2025-11-08,0,0,0,0,0,0,0,0,0
1043,2025-11-09,0,0,0,0,0,0,0,0,0
1044,2025-11-10,0,0,0,0,0,0,0,0,0
1045,2025-11-11,0,0,0,0,0,0,0,0,0
1046,2025-11-12,0,0,0,0,0,0,0,0,0
1047,2025-11-13,0,0,0,0,0,0,0,0,0
1048,2025-11-14,0,0,0,0,0,0,0,0,0
1049,2025-11-15,0,0,0,0,0,0,0,0,0
1050,2025-11-16,0,0,0,0,0,0,0,0,0
1051,2025-11-17,0,0,0,0,0,0,0,0,0
1052,2025-11-18,0,0,0,0,0,0,0,0,0
1053,2025-11-19,0,0,0,0,0,0,0,0,0
1054,2025-11-20,0,0,0,0,0,0,0,0,0
1055,2025-11-21,0,0,0,0,0,0,0,0,0
1056,2025-11-22,0,0,0,0,0,0,0,0,0
1057,2025-11-23,0,0,0,0,0,0,0,0,0
1058,2025-11-24,0,0,0,0,0,0,0,0,0
1059,2025-11-25,0,0,0,0,0,0,0,0,0
1060,2025-11-26,0,0,0,0,0,0,0,0,0
1061,2025-11-27,0,0,0,0,0,0,0,0,0
1062,2025-11-28,0,0,0,0,0,0,0,0,0
1063,2025-11-29,0,0,0,0,0,0,0,0,0
1064,2025-11-30,0,0,0,0,0,0,0,0,0
1065,2025-12-01,0,0,0,0,0,0,0,0,0
1066,2025-12-02,0,0,0,0,0,0,0,0,0
1067,2025-12-03,0,0,0,0,0,0,0,0,0
1068,2025-12-04,0,0,0,0,0,0,0,0,0
1069,2025-12-05,0,0,0,0,0,0,0,0,0
1070,2025-12-06,0,0,0,0,0,0,0,0,0
1071,2025-12-07,0,0,0,0,0,0,0,0,0
1072,2025-12-08,0,0,0,0,0,0,0,0,0
1073,2025-12-09,0,0,0,0,0,0,0,0,0
1074,2025-12-10,0,0,0,0,0,0,0,0,0
1075,2025-12-11,0,0,0,0,0,0,0,0,0
1076,2025-12-12,0,0,0,0,0,0,0,0,1
1077,2025-12-13,0,0,0,0,0,0,0,0,1
1078,2025-12-14,0,0,0,0,0,0,0,0,1
1079,2025-12-15,0,0,0,0,0,0,0,0,1
1080,2025-12-16,0,0,0,0,0,0,0,0,1
1081,2025-12-17,0,0,0,0,0,0,0,0,1
1082,2025-12-18,0,0,0,0,0,1,0,0,1
1083,2025-12-19,0,0,1,1,1,1,1,1,1
1084,2025-12-20,0,0,1,1,1,1,1,1,1
1085,2025-12-21,0,0,1,1,1,1,1,1,1
1086,2025-12-22,0,0,1,1,1,1,1,1,1
1087,2025-12-23,0,0,1,1,1,1,1,1,1
1088,2025-12-24,0,0,1,1,1,1,1,1,1
1089,2025-12-25,0,0,1,1,1,1,1,1,1
1090,2025-12-26,0,0,1,1,1,1,1,1,1
1091,2025-12-27,0,0,1,1,1,1,1,1,1
1092,2025-12-28,0,0,1,1,1,1,1,1,1
1093,2025-12-29,0,0,1,1,1,1,1,1,1
1094,2025-12-30,0,0,1,1,1,1,1,1,1
1095,2025-12-31,0,0,1,1,1,1,1,1,1
1096,2026-01-01,0,0,1,1,1,1,1,1,1
1097,2026-01-02,0,0,1,1,1,1,1,1,1
1098,2026-01-03,0,0,1,1,1,1,1,1,1
1099,2026-01-04,0,0,1,1,1,1,1,1,1
1100,2026-01-05,0,0,0,0,0,1,0,0,1
1101,2026-01-06,0,0,0,0,0,1,0,0,1
1102,2026-01-07,0,0,0,0,0,1,0,0,1
1103,2026-01-08,0,0,0,0,0,1,0,0,1
1104,2026-01-09,0,0,0,0,0,1,0,0,1
1105,2026-01-10,0,0,0,0,0,1,0,0,1
1106,2026-01-11,0,0,0,0,0,1,0,0,1
1107,2026-01-12,0,0,0,0,0,1,0,0,0
1108,2026-01-13,0,0,0,0,0,1,0,0,0
1109,2026-01-14,0,0,0,0,0,1,0,0,0
1110,2026-01-15,0,0,0,0,0,1,0,0,0
1111,2026-01-16,0,0,0,0,0,1,0,0,0
1112,2026-01-17,0,0,0,0,0,1,0,0,0
1113,2026-01-18,0,0,0,0,0,1,0,0,0
1114,2026-01-19,0,0,0,0,0,1,0,0,0
1115,2026-01-20,0,0,0,0,0,1,0,0,0
1116,2026-01-21,0,0,0,0,0,0,0,0,0
1117,2026-01-22,0,0,0,0,0,0,0,0,0
1118,2026-01-23,0,0,0,0,0,0,0,0,0
1119,2026-01-24,0,0,0,0,0,0,0,0,0
1120,2026-01-25,0,0,0,0,0,0,0,0,0
1121,2026-01-26,0,0,0,0,0,0,0,0,0
1122,2026-01-27,0,0,0,0,0,0,0,0,0
1123,2026-01-28,0,0,0,0,0,0,0,0,0
1124,2026-01-29,0,0,0,0,0,0,0,0,0
1125,2026-01-30,0,0,0,0,0,0,0,0,0
1126,2026-01-31,0,0,0,0,0,0,0,0,0
1127,2026-02-01,0,0,0,0,0,0,0,0,0
1128,2026-02-02,0,0,0,0,0,0,0,0,0
1129,2026-02-03,0,0,0,0,0,0,0,0,0
1130,2026-02-04,0,0,0,0,0,0,0,0,0
1131,2026-02-05,0,0,0,0,0,0,0,0,0
1132,2026-02-06,0,0,0,0,1,0,1,1,0
1133,2026-02-07,0,0,0,0,1,0,1,1,0
1134,2026-02-08,0,0,0,0,1,0,1,1,0
1135,2026-02-09,0,0,0,0,1,0,1,1,0
1136,2026-02-10,0,0,0,0,1,0,1,1,0
1137,2026-02-11,0,0,0,0,1,0,1,1,0
1138,2026-02-12,0,0,0,0,1,0,1,1,0
1139,2026-02-13,0,0,0,1,1,0,1,1,0
1140,2026-02-14,0,0,0,1,1,0,1,1,0
1141,2026-02-15,0,0,0,1,1,0,1,1,0
1142,2026-02-16,0,0,0,1,1,0,1,1,0
1143,2026-02-17,0,0,0,1,1,0,1,1,0
1144,2026-02-18,0,0,0,1,1,0,1,1,0
1145,2026-02-19,0,0,0,1,1,0,1,1,0
1146,2026-02-20,0,0,1,1,1,0,1,1,0
1147,2026-02-21,0,0,1,1,1,0,1,1,0
1148,2026-02-22,0,0,1,1,1,0,1,1,0
1149,2026-02-23,0,0,1,1,0,0,0,0,0
1150,2026-02-24,0,0,1,1,0,0,0,0,0
1151,2026-02-25,0,0,1,1,0,0,0,0,0
1152,2026-02-26,0,0,1,1,0,0,0,0,0
1153,2026-02-27,0,0,1,1,0,1,0,0,1
1154,2026-02-28,0,0,1,1,0,1,0,0,1
1155,2026-03-01,0,0,1,1,0,1,0,0,1
1156,2026-03-02,0,0,1,0,0,1,0,0,1
1157,2026-03-03,0,0,1,0,0,1,0,0,1
1158,2026-03-04,0,0,1,0,0,1,0,0,1
1159,2026-03-05,0,0,1,0,0,1,0,0,1
1160,2026-03-06,0,0,1,0,0,1,0,0,1
1161,2026-03-07,0,0,1,0,0,1,0,0,1
1162,2026-03-08,0,0,1,0,0,1,0,0,1
1163,2026-03-09,0,0,0,0,0,1,0,0,0
1164,2026-03-10,0,0,0,0,0,1,0,0,0
1165,2026-03-11,0,0,0,0,0,1,0,0,0
1166,2026-03-12,0,0,0,0,0,1,0,0,0
1167,2026-03-13,0,0,0,0,0,1,0,0,0
1168,2026-03-14,0,0,0,0,0,1,0,0,0
1169,2026-03-15,0,0,0,0,0,1,0,0,0
1170,2026-03-16,0,0,0,0,0,0,0,0,0
1171,2026-03-17,0,0,0,0,0,0,0,0,0
1172,2026-03-18,0,0,0,0,0,0,0,0,0
1173,2026-03-19,0,0,0,0,0,0,0,0,0
1174,2026-03-20,0,0,0,0,0,0,0,0,0
1175,2026-03-21,0,0,0,0,0,0,0,0,0
1176,2026-03-22,0,0,0,0,0,0,0,0,0
1177,2026-03-23,0,0,0,0,0,0,0,0,0
1178,2026-03-24,0,0,0,0,0,0,0,0,0
1179,2026-03-25,0,0,0,0,0,0,0,0,0
1180,2026-03-26,0,0,0,0,0,0,0,0,0
1181,2026-03-27,0,0,0,0,0,0,0,0,0
1182,2026-03-28,0,0,0,0,0,0,0,0,0
1183,2026-03-29,0,0,0,0,0,0,0,0,0
1184,2026-03-30,0,0,0,0,0,0,0,0,0
1185,2026-03-31,0,0,0,0,0,0,0,1,0
1186,2026-04-01,0,0,0,0,1,0,1,1,0
1187,2026-04-02,0,0,0,0,1,0,1,1,0
1188,2026-04-03,0,0,0,0,1,0,1,1,0
1189,2026-04-04,0,0,0,0,1,0,1,1,0
1190,2026-04-05,0,0,0,0,1,0,1,1,0
1191,2026-04-06,0,0,0,0,1,0,1,1,0
1192,2026-04-07,0,0,0,0,1,0,1,1,0
1193,2026-04-08,0,0,0,0,1,0,1,1,0
1194,2026-04-09,0,0,0,0,1,0,1,1,0
1195,2026-04-10,0,0,0,1,1,0,1,1,0
1196,2026-04-11,0,0,0,1,1,0,1,1,0
1197,2026-04-12,0,0,0,1,1,0,1,1,0
1198,2026-04-13,0,0,0,1,1,0,1,1,0
1199,2026-04-14,0,0,0,1,1,0,1,1,0
1200,2026-04-15,0,0,0,1,1,0,1,1,0
1201,2026-04-16,0,0,0,1,1,0,1,0,0
1202,2026-04-17,0,0,0,1,1,0,1,0,0
1203,2026-04-18,0,0,0,1,1,0,1,0,0
1204,2026-04-19,0,0,0,1,1,0,1,0,0
1205,2026-04-20,0,0,0,1,0,0,0,0,0
1206,2026-04-21,0,0,0,1,0,0,0,0,0
1207,2026-04-22,0,0,0,1,0,0,0,0,0
1208,2026-04-23,0,0,0,1,0,0,0,0,0
1209,2026-04-24,0,0,0,1,0,0,0,0,0
1210,2026-04-25,0,0,0,1,0,0,0,0,0
1211,2026-04-26,0,0,0,1,0,0,0,0,0
1212,2026-04-27,0,0,0,0,0,0,0,0,0
1213,2026-04-28,0,0,0,0,0,0,0,0,0
1214,2026-04-29,0,0,0,0,0,0,0,0,1
1215,2026-04-30,0,0,0,0,0,0,0,0,1
1216,2026-05-01,0,0,0,0,0,1,0,0,1
1217,2026-05-02,0,0,0,0,0,1,0,0,1
1218,2026-05-03,0,0,0,0,0,1,0,0,1
1219,2026-05-04,0,0,0,0,0,1,0,0,1
1220,2026-05-05,0,0,0,0,0,1,0,0,1
1221,2026-05-06,0,0,0,0,0,1,0,0,1
1222,2026-05-07,0,0,0,0,0,1,0,0,1
1223,2026-05-08,0,0,0,0,0,1,0,0,1
1224,2026-05-09,0,0,0,0,0,1,0,0,1
1225,2026-05-10,0,0,0,0,0,1,0,0,1
1226,2026-05-11,0,0,0,0,0,1,0,0,1
1227,2026-05-12,0,0,0,0,0,1,0,0,1
1228,2026-05-13,0,0,0,0,0,1,0,0,1
1229,2026-05-14,0,0,0,0,0,1,0,0,1
1230,2026-05-15,0,0,0,0,0,1,0,0,1
1231,2026-05-16,0,0,0,0,0,1,0,0,1
1232,2026-05-17,0,0,0,0,0,1,0,0,1
1233,2026-05-18,0,0,0,0,0,0,0,0,0
1234,2026-05-19,0,0,0,0,0,0,0,0,0
1235,2026-05-20,0,0,0,0,0,0,0,0,0
1236,2026-05-21,0,0,0,0,0,0,0,0,0
1237,2026-05-22,0,0,0,0,0,0,0,0,0
1238,2026-05-23,0,0,0,0,0,0,0,0,0
1239,2026-05-24,0,0,0,0,0,0,0,0,0
1240,2026-05-25,0,0,0,0,0,0,0,0,0
1241,2026-05-26,0,0,0,0,0,0,0,0,0
1242,2026-05-27,0,0,0,0,0,0,0,0,0
1243,2026-05-28,0,0,0,0,0,0,0,0,0
1244,2026-05-29,0,0,0,0,0,0,0,0,0
1245,2026-05-30,0,0,0,0,0,0,0,0,0
1246,2026-05-31,0,0,0,0,0,0,0,0,0
1247,2026-06-01,0,0,0,0,0,0,0,0,0
1248,2026-06-02,0,0,0,0,0,0,0,0,0
1249,2026-06-03,0,0,0,0,0,0,0,0,0
1250,2026-06-04,0,0,0,0,0,0,0,0,0
1251,2026-06-05,0,0,0,0,0,0,0,0,0
1252,2026-06-06,0,0,0,0,0,0,0,0,0
1253,2026-06-07,0,0,0,0,0,0,0,0,0
1254,2026-06-08,0,0,0,0,0,0,0,0,0
1255,2026-06-09,0,0,0,0,0,0,0,0,0
1256,2026-06-10,0,0,0,0,0,0,0,0,0
1257,2026-06-11,0,0,0,0,0,0,0,0,0
1258,2026-06-12,0,0,0,0,0,0,0,0,0
1259,2026-06-13,0,0,0,0,0,0,0,0,0
1260,2026-06-14,0,0,0,0,0,0,0,0,0
1261,2026-06-15,0,0,0,0,0,0,0,0,0
1262,2026-06-16,0,0,0,0,0,0,0,0,0
1263,2026-06-17,0,0,0,0,0,0,0,0,0
1264,2026-06-18,0,0,0,0,0,0,0,0,0
1265,2026-06-19,0,0,0,0,0,0,0,0,0
1266,2026-06-20,0,0,0,0,0,0,0,0,0
1267,2026-06-21,0,0,0,0,0,0,0,0,0
1268,2026-06-22,0,0,0,0,0,0,0,0,0
1269,2026-06-23,0,0,0,0,0,0,0,0,0
1270,2026-06-24,0,0,0,0,0,0,0,0,0
1271,2026-06-25,0,0,0,0,0,0,0,0,0
1272,2026-06-26,0,0,0,0,0,0,0,0,0
1273,2026-06-27,0,0,0,0,0,0,0,0,0
1274,2026-06-28,0,0,0,0,0,0,0,0,0
1275,2026-06-29,0,0,0,0,0,0,0,0,0
1276,2026-06-30,0,0,0,0,0,0,0,0,0
1277,2026-07-01,0,0,0,0,0,0,0,0,0
1278,2026-07-02,0,0,0,0,0,0,0,0,0
1279,2026-07-03,0,0,0,1,1,1,1,1,1
1280,2026-07-04,0,0,0,0,0,0,0,0,1
1281,2026-07-05,0,0,0,0,0,0,0,0,1
1282,2026-07-06,0,0,0,0,0,0,0,0,1
1283,2026-07-07,0,0,0,0,0,0,0,0,1
1284,2026-07-08,0,0,0,0,0,0,0,0,1
1285,2026-07-09,0,0,0,0,0,0,0,0,1
1286,2026-07-10,0,0,0,0,0,0,0,0,1
1287,2026-07-11,0,0,0,0,0,0,0,0,1
1288,2026-07-12,0,0,0,0,0,0,0,0,1
1289,2026-07-13,0,0,0,0,0,0,0,0,1
1290,2026-07-14,0,0,0,0,0,0,0,0,1
1291,2026-07-15,0,0,0,0,0,0,0,0,1
1292,2026-07-16,0,0,0,0,0,0,0,0,1
1293,2026-07-17,0,0,0,0,0,0,0,0,1
1294,2026-07-18,0,0,0,0,0,0,0,0,1
1295,2026-07-19,0,0,0,0,0,0,0,0,1
1296,2026-07-20,0,0,0,0,0,0,0,0,1
1297,2026-07-21,0,0,0,0,0,0,0,0,1
1298,2026-07-22,0,0,0,0,0,0,0,0,1
1299,2026-07-23,0,0,0,0,0,0,0,0,1
1300,2026-07-24,0,0,0,0,0,0,0,0,1
1301,2026-07-25,0,0,0,0,0,0,0,0,1
1302,2026-07-26,0,0,0,0,0,0,0,0,1
1303,2026-07-27,0,0,0,0,0,0,0,0,1
1304,2026-07-28,0,0,0,0,0,0,0,0,1
1305,2026-07-29,0,0,0,0,0,0,0,0,1
1306,2026-07-30,0,0,0,0,0,0,0,0,1
1307,2026-07-31,0,0,0,0,0,0,0,0,1
1308,2026-08-01,0,0,0,0,0,0,0,0,1
1309,2026-08-02,0,0,0,0,0,0,0,0,1
1310,2026-08-03,0,0,0,0,0,0,0,0,1
1311,2026-08-04,0,0,0,0,0,0,0,0,1
1312,2026-08-05,0,0,0,0,0,0,0,0,1
1313,2026-08-06,0,0,0,0,0,0,0,0,1
1314,2026-08-07,0,0,0,0,0,0,0,0,1
1315,2026-08-08,0,0,0,0,0,0,0,0,1
1316,2026-08-09,0,0,0,0,0,0,0,0,1
1317,2026-08-10,0,0,0,0,0,0,0,0,1
1318,2026-08-11,0,0,0,0,0,0,0,0,1
1319,2026-08-12,0,0,0,0,0,0,0,0,1
1320,2026-08-13,0,0,0,0,0,0,0,0,1
1321,2026-08-14,0,0,0,0,0,0,0,0,1
1322,2026-08-15,0,0,0,0,0,0,0,0,1
1323,2026-08-16,0,0,0,0,0,0,0,0,1
1324,2026-08-17,0,0,0,0,0,0,0,0,1
1325,2026-08-18,0,0,0,0,0,0,0,0,1
1326,2026-08-19,0,0,0,0,0,0,0,0,1
1327,2026-08-20,0,0,0,0,0,0,0,0,1
1328,2026-08-21,0,0,0,0,0,0,0,0,1
1329,2026-08-22,0,0,0,0,0,0,0,0,1
1330,2026-08-23,0,0,0,0,0,0,0,0,1
1331,2026-08-24,0,0,0,0,0,0,0,0,0
1332,2026-08-25,0,0,0,0,0,0,0,0,0
1333,2026-08-26,0,0,0,0,0,0,0,0,0
1334,2026-08-27,0,0,0,0,0,0,0,0,0
1335,2026-08-28,0,0,0,0,0,0,0,0,0
1336,2026-08-29,0,0,0,0,0,0,0,0,0
1337,2026-08-30,0,0,0,0,0,0,0,0,0
1338,2026-08-31,0,0,0,0,0,0,0,0,0
1339,2026-09-01,0,0,0,0,0,0,0,0,0
1340,2026-09-02,0,0,0,0,0,0,0,0,0
1341,2026-09-03,0,0,0,0,0,0,0,0,0
1342,2026-09-04,0,0,0,0,0,0,0,0,0
1343,2026-09-05,0,0,0,0,0,0,0,0,0
1344,2026-09-06,0,0,0,0,0,0,0,0,0
1345,2026-09-07,0,0,0,0,0,0,0,0,0
1346,2026-09-08,0,0,0,0,0,0,0,0,0
1347,2026-09-09,0,0,0,0,0,0,0,0,0
1348,2026-09-10,0,0,0,0,0,0,0,0,0
1349,2026-09-11,0,0,0,0,0,0,0,0,0
1350,2026-09-12,0,0,0,0,0,0,0,0,0
1351,2026-09-13,0,0,0,0,0,0,0,0,0
1352,2026-09-14,0,0,0,0,0,0,0,0,0
1353,2026-09-15,0,0,0,0,0,0,0,0,0
1354,2026-09-16,0,0,0,0,0,0,0,0,0
1355,2026-09-17,0,0,0,0,0,0,0,0,0
1356,2026-09-18,0,0,0,0,0,0,0,0,0
1357,2026-09-19,0,0,0,0,0,0,0,0,0
1358,2026-09-20,0,0,0,0,0,0,0,0,0
1359,2026-09-21,0,0,0,0,0,0,0,0,0
1360,2026-09-22,0,0,0,0,0,0,0,0,0
1361,2026-09-23,0,0,0,0,0,0,0,0,0
1362,2026-09-24,0,0,0,0,0,0,0,0,0
1363,2026-09-25,0,0,0,0,0,0,0,0,0
1364,2026-09-26,0,0,0,0,0,0,0,0,0
1365,2026-09-27,0,0,0,0,0,0,0,0,0
1366,2026-09-28,0,0,0,0,0,0,0,0,0
1367,2026-09-29,0,0,0,0,0,0,0,0,0
1368,2026-09-30,0,0,0,0,0,0,0,0,0
1369,2026-10-01,0,0,0,0,0,0,0,0,0
1370,2026-10-02,0,0,0,0,0,0,0,0,0
1371,2026-10-03,0,0,0,0,0,0,0,0,0
1372,2026-10-04,0,0,0,0,0,0,0,0,0
1373,2026-10-05,0,0,0,0,0,0,0,0,0
1374,2026-10-06,0,0,0,0,0,0,0,0,0
1375,2026-10-07,0,0,0,0,0,0,0,0,0
1376,2026-10-08,0,0,0,0,0,0,0,0,0
1377,2026-10-09,0,0,0,0,0,0,0,0,0
1378,2026-10-10,0,0,0,0,0,0,0,0,0
1379,2026-10-11,0,0,0,0,0,0,0,0,0
1380,2026-10-12,0,0,0,0,0,0,0,0,0
1381,2026-10-13,0,0,0,0,0,0,0,0,0
1382,2026-10-14,0,0,0,0,0,0,0,0,0
1383,2026-10-15,0,0,0,0,0,0,0,0,0
1384,2026-10-16,0,0,0,0,0,0,0,0,0
1385,2026-10-17,0,0,0,0,0,0,0,0,0
1386,2026-10-18,0,0,0,0,0,0,0,0,0
1387,2026-10-19,0,0,0,0,0,0,0,0,0
1388,2026-10-20,0,0,0,0,0,0,0,0,0
1389,2026-10-21,0,0,0,0,0,0,0,0,0
1390,2026-10-22,0,0,0,0,0,0,0,0,0
1391,2026-10-23,0,0,0,0,0,0,0,0,0
1392,2026-10-24,0,0,0,0,0,0,0,0,0
1393,2026-10-25,0,0,0,0,0,0,0,0,0
1394,2026-10-26,0,0,0,0,0,0,0,0,0
1395,2026-10-27,0,0,0,0,0,0,0,0,0
1396,2026-10-28,0,0,0,0,0,0,0,0,0
1397,2026-10-29,0,0,0,0,0,0,0,0,0
1398,2026-10-30,0,0,0,0,0,0,0,0,0
1399,2026-10-31,0,0,0,0,0,0,0,0,0
1400,2026-11-01,0,0,0,0,0,0,0,0,0
1401,2026-11-02,0,0,0,0,0,0,0,0,0
1402,2026-11-03,0,0,0,0,0,0,0,0,0
1403,2026-11-04,0,0,0,0,0,0,0,0,0
1404,2026-11-05,0,0,0,0,0,0,0,0,0
1405,2026-11-06,0,0,0,0,0,0,0,0,0
1406,2026-11-07,0,0,0,0,0,0,0,0,0
1407,2026-11-08,0,0,0,0,0,0,0,0,0
1408,2026-11-09,0,0,0,0,0,0,0,0,0
1409,2026-11-10,0,0,0,0,0,0,0,0,0
1410,2026-11-11,0,0,0,0,0,0,0,0,0
1411,2026-11-12,0,0,0,0,0,0,0,0,0
1412,2026-11-13,0,0,0,0,0,0,0,0,0
1413,2026-11-14,0,0,0,0,0,0,0,0,0
1414,2026-11-15,0,0,0,0,0,0,0,0,0
1415,2026-11-16,0,0,0,0,0,0,0,0,0
1416,2026-11-17,0,0,0,0,0,0,0,0,0
1417,2026-11-18,0,0,0,0,0,0,0,0,0
1418,2026-11-19,0,0,0,0,0,0,0,0,0
1419,2026-11-20,0,0,0,0,0,0,0,0,0
1420,2026-11-21,0,0,0,0,0,0,0,0,0
1421,2026-11-22,0,0,0,0,0,0,0,0,0
1422,2026-11-23,0,0,0,0,0,0,0,0,0
1423,2026-11-24,0,0,0,0,0,0,0,0,0
1424,2026-11-25,0,0,0,0,0,0,0,0,0
1425,2026-11-26,0,0,0,0,0,0,0,0,0
1426,2026-11-27,0,0,0,0,0,0,0,0,0
1427,2026-11-28,0,0,0,0,0,0,0,0,0
1428,2026-11-29,0,0,0,0,0,0,0,0,0
1429,2026-11-30,0,0,0,0,0,0,0,0,0
1430,2026-12-01,0,0,0,0,0,0,0,0,0
1431,2026-12-02,0,0,0,0,0,0,0,0,0
1432,2026-12-03,0,0,0,0,0,0,0,0,0
1433,2026-12-04,0,0,0,0,0,0,0,0,0
1434,2026-12-05,0,0,0,0,0,0,0,0,0
1435,2026-12-06,0,0,0,0,0,0,0,0,0
1436,2026-12-07,0,0,0,0,0,0,0,0,0
1437,2026-12-08,0,0,0,0,0,0,0,0,0
1438,2026-12-09,0,0,0,0,0,0,0,0,0
1439,2026-12-10,0,0,0,0,0,0,0,0,0
1440,2026-12-11,0,0,0,0,0,0,0,0,0
1441,2026-12-12,0,0,0,0,0,0,0,0,0
1442,2026-12-13,0,0,0,0,0,0,0,0,0
1443,2026-12-14,0,0,0,0,0,0,0,0,0
1444,2026-12-15,0,0,0,0,0,0,0,0,0
1445,2026-12-16,0,0,0,0,0,0,0,0,0
1446,2026-12-17,0,0,0,0,0,0,0,0,0
1447,2026-12-18,0,0,0,0,0,0,0,0,0
1448,2026-12-19,0,0,0,0,0,0,0,0,0
1449,2026-12-20,0,0,0,0,0,0,0,0,0
1450,2026-12-21,0,0,0,0,0,0,0,0,0
1451,2026-12-22,0,0,0,0,0,0,0,0,0
1452,2026-12-23,0,0,0,0,0,0,0,0,0
1453,2026-12-24,0,0,0,0,0,0,0,0,0
1454,2026-12-25,0,0,0,0,0,0,0,0,0
1455,2026-12-26,0,0,0,0,0,0,0,0,0
1456,2026-12-27,0,0,0,0,0,0,0,0,0
1457,2026-12-28,0,0,0,0,0,0,0,0,0
1458,2026-12-29,0,0,0,0,0,0,0,0,0
1459,2026-12-30,0,0,0,0,0,0,0,0,0
1460,2026-12-31,0,0,0,0,0,0,0,0,0
1461,2027-01-01,0,0,0,0,0,0,0,0,0
1462,2027-01-02,0,0,0,0,0,0,0,0,0
1463,2027-01-03,0,0,0,0,0,0,0,0,0
1464,2027-01-04,0,0,0,0,0,0,0,0,0
1465,2027-01-05,0,0,0,0,0,0,0,0,0
1466,2027-01-06,0,0,0,0,0,0,0,0,0
1467,2027-01-07,0,0,0,0,0,0,0,0,0
1468,2027-01-08,0,0,0,0,0,0,0,0,0
1469,2027-01-09,0,0,0,0,0,0,0,0,0
1470,2027-01-10,0,0,0,0,0,0,0,0,0
1471,2027-01-11,0,0,0,0,0,0,0,0,0
1472,2027-01-12,0,0,0,0,0,0,0,0,0
1473,2027-01-13,0,0,0,0,0,0,0,0,0
1474,2027-01-14,0,0,0,0,0,0,0,0,0
1475,2027-01-15,0,0,0,0,0,0,0,0,0
1476,2027-01-16,0,0,0,0,0,0,0,0,0
1477,2027-01-17,0,0,0,0,0,0,0,0,0
1478,2027-01-18,0,0,0,0,0,0,0,0,0
1479,2027-01-19,0,0,0,0,0,0,0,0,0
1480,2027-01-20,0,0,0,0,0,0,0,0,0
1481,2027-01-21,0,0,0,0,0,0,0,0,0
1482,2027-01-22,0,0,0,0,0,0,0,0,0
1483,2027-01-23,0,0,0,0,0,0,0,0,0
1484,2027-01-24,0,0,0,0,0,0,0,0,0
1485,2027-01-25,0,0,0,0,0,0,0,0,0
1486,2027-01-26,0,0,0,0,0,0,0,0,0
1487,2027-01-27,0,0,0,0,0,0,0,0,0
1488,2027-01-28,0,0,0,0,0,0,0,0,0
1489,2027-01-29,0,0,0,0,0,0,0,0,0
1490,2027-01-30,0,0,0,0,0,0,0,0,0
1491,2027-01-31,0,0,0,0,0,0,0,0,0
1492,2027-02-01,0,0,0,0,0,0,0,0,0
1493,2027-02-02,0,0,0,0,0,0,0,0,0
1494,2027-02-03,0,0,0,0,0,0,0,0,0
1495,2027-02-04,0,0,0,0,0,0,0,0,0
1496,2027-02-05,0,0,0,0,0,0,0,0,0
1497,2027-02-06,0,0,0,0,0,0,0,0,0
1498,2027-02-07,0,0,0,0,0,0,0,0,0
1499,2027-02-08,0,0,0,0,0,0,0,0,0
1500,2027-02-09,0,0,0,0,0,0,0,0,0
1501,2027-02-10,0,0,0,0,0,0,0,0,0
1502,2027-02-11,0,0,0,0,0,0,0,0,0
1503,2027-02-12,0,0,0,0,0,0,0,0,0
1504,2027-02-13,0,0,0,0,0,0,0,0,0
1505,2027-02-14,0,0,0,0,0,0,0,0,0
1506,2027-02-15,0,0,0,0,0,0,0,0,0
1507,2027-02-16,0,0,0,0,0,0,0,0,0
1508,2027-02-17,0,0,0,0,0,0,0,0,0
1509,2027-02-18,0,0,0,0,0,0,0,0,0
1510,2027-02-19,0,0,0,0,0,0,0,0,0
1511,2027-02-20,0,0,0,0,0,0,0,0,0
1512,2027-02-21,0,0,0,0,0,0,0,0,0
1513,2027-02-22,0,0,0,0,0,0,0,0,0
1514,2027-02-23,0,0,0,0,0,0,0,0,0
1515,2027-02-24,0,0,0,0,0,0,0,0,0
1516,2027-02-25,0,0,0,0,0,0,0,0,0
1517,2027-02-26,0,0,0,0,0,0,0,0,0
1518,2027-02-27,0,0,0,0,0,0,0,0,0
1519,2027-02-28,0,0,0,0,0,0,0,0,0
1520,2027-03-01,0,0,0,0,0,0,0,0,0
1521,2027-03-02,0,0,0,0,0,0,0,0,0
1522,2027-03-03,0,0,0,0,0,0,0,0,0
1523,2027-03-04,0,0,0,0,0,0,0,0,0
1524,2027-03-05,0,0,0,0,0,0,0,0,0
1525,2027-03-06,0,0,0,0,0,0,0,0,0
1526,2027-03-07,0,0,0,0,0,0,0,0,0
1527,2027-03-08,0,0,0,0,0,0,0,0,0
1528,2027-03-09,0,0,0,0,0,0,0,0,0
1529,2027-03-10,0,0,0,0,0,0,0,0,0
1530,2027-03-11,0,0,0,0,0,0,0,0,0
1531,2027-03-12,0,0,0,0,0,0,0,0,0
1532,2027-03-13,0,0,0,0,0,0,0,0,0
1533,2027-03-14,0,0,0,0,0,0,0,0,0
1534,2027-03-15,0,0,0,0,0,0,0,0,0
1535,2027-03-16,0,0,0,0,0,0,0,0,0
1536,2027-03-17,0,0,0,0,0,0,0,0,0
1537,2027-03-18,0,0,0,0,0,0,0,0,0
1538,2027-03-19,0,0,0,0,0,0,0,0,0
1539,2027-03-20,0,0,0,0,0,0,0,0,0
1540,2027-03-21,0,0,0,0,0,0,0,0,0
1541,2027-03-22,0,0,0,0,0,0,0,0,0
1542,2027-03-23,0,0,0,0,0,0,0,0,0
1543,2027-03-24,0,0,0,0,0,0,0,0,0
1544,2027-03-25,0,0,0,0,0,0,0,0,0
1545,2027-03-26,0,0,0,0,0,0,0,0,0
1546,2027-03-27,0,0,0,0,0,0,0,0,0
1547,2027-03-28,0,0,0,0,0,0,0,0,0
1548,2027-03-29,0,0,0,0,0,0,0,0,0
1549,2027-03-30,0,0,0,0,0,0,0,0,0
1550,2027-03-31,0,0,0,0,0,0,0,0,0
1551,2027-04-01,0,0,0,0,0,0,0,0,0
1552,2027-04-02,0,0,0,0,0,0,0,0,0
1553,2027-04-03,0,0,0,0,0,0,0,0,0
1554,2027-04-04,0,0,0,0,0,0,0,0,0
1555,2027-04-05,0,0,0,0,0,0,0,0,0
1556,2027-04-06,0,0,0,0,0,0,0,0,0
1557,2027-04-07,0,0,0,0,0,0,0,0,0
1558,2027-04-08,0,0,0,0,0,0,0,0,0
1559,2027-04-09,0,0,0,0,0,0,0,0,0
1560,2027-04-10,0,0,0,0,0,0,0,0,0
1561,2027-04-11,0,0,0,0,0,0,0,0,0
1562,2027-04-12,0,0,0,0,0,0,0,0,0
1563,2027-04-13,0,0,0,0,0,0,0,0,0
1564,2027-04-14,0,0,0,0,0,0,0,0,0
1565,2027-04-15,0,0,0,0,0,0,0,0,0
1566,2027-04-16,0,0,0,0,0,0,0,0,0
1567,2027-04-17,0,0,0,0,0,0,0,0,0
1568,2027-04-18,0,0,0,0,0,0,0,0,0
1569,2027-04-19,0,0,0,0,0,0,0,0,0
1570,2027-04-20,0,0,0,0,0,0,0,0,0
1571,2027-04-21,0,0,0,0,0,0,0,0,0
1572,2027-04-22,0,0,0,0,0,0,0,0,0
1573,2027-04-23,0,0,0,0,0,0,0,0,0
1574,2027-04-24,0,0,0,0,0,0,0,0,0
1575,2027-04-25,0,0,0,0,0,0,0,0,0
1576,2027-04-26,0,0,0,0,0,0,0,0,0
1577,2027-04-27,0,0,0,0,0,0,0,0,0
1578,2027-04-28,0,0,0,0,0,0,0,0,0
1579,2027-04-29,0,0,0,0,0,0,0,0,0
1580,2027-04-30,0,0,0,0,0,0,0,0,0
1581,2027-05-01,0,0,0,0,0,0,0,0,0
1582,2027-05-02,0,0,0,0,0,0,0,0,0
1583,2027-05-03,0,0,0,0,0,0,0,0,0
1584,2027-05-04,0,0,0,0,0,0,0,0,0
1585,2027-05-05,0,0,0,0,0,0,0,0,0
1586,2027-05-06,0,0,0,0,0,0,0,0,0
1587,2027-05-07,0,0,0,0,0,0,0,0,0
1588,2027-05-08,0,0,0,0,0,0,0,0,0
1589,2027-05-09,0,0,0,0,0,0,0,0,0
1590,2027-05-10,0,0,0,0,0,0,0,0,0
1591,2027-05-11,0,0,0,0,0,0,0,0,0
1592,2027-05-12,0,0,0,0,0,0,0,0,0
1593,2027-05-13,0,0,0,0,0,0,0,0,0
1594,2027-05-14,0,0,0,0,0,0,0,0,0
1595,2027-05-15,0,0,0,0,0,0,0,0,0
1596,2027-05-16,0,0,0,0,0,0,0,0,0
1597,2027-05-17,0,0,0,0,0,0,0,0,0
1598,2027-05-18,0,0,0,0,0,0,0,0,0
1599,2027-05-19,0,0,0,0,0,0,0,0,0
1600,2027-05-20,0,0,0,0,0,0,0,0,0
1601,2027-05-21,0,0,0,0,0,0,0,0,0
1602,2027-05-22,0,0,0,0,0,0,0,0,0
1603,2027-05-23,0,0,0,0,0,0,0,0,0
1604,2027-05-24,0,0,0,0,0,0,0,0,0
1605,2027-05-25,0,0,0,0,0,0,0,0,0
1606,2027-05-26,0,0,0,0,0,0,0,0,0
1607,2027-05-27,0,0,0,0,0,0,0,0,0
1608,2027-05-28,0,0,0,0,0,0,0,0,0
1609,2027-05-29,0,0,0,0,0,0,0,0,0
1610,2027-05-30,0,0,0,0,0,0,0,0,0
1611,2027-05-31,0,0,0,0,0,0,0,0,0
1612,2027-06-01,0,0,0,0,0,0,0,0,0
1613,2027-06-02,0,0,0,0,0,0,0,0,0
1614,2027-06-03,0,0,0,0,0,0,0,0,0
1615,2027-06-04,0,0,0,0,0,0,0,0,0
1616,2027-06-05,0,0,0,0,0,0,0,0,0
1617,2027-06-06,0,0,0,0,0,0,0,0,0
1618,2027-06-07,0,0,0,0,0,0,0,0,0
1619,2027-06-08,0,0,0,0,0,0,0,0,0
1620,2027-06-09,0,0,0,0,0,0,0,0,0
1621,2027-06-10,0,0,0,0,0,0,0,0,0
1622,2027-06-11,0,0,0,0,0,0,0,0,0
1623,2027-06-12,0,0,0,0,0,0,0,0,0
1624,2027-06-13,0,0,0,0,0,0,0,0,0
1625,2027-06-14,0,0,0,0,0,0,0,0,0
1626,2027-06-15,0,0,0,0,0,0,0,0,0
1627,2027-06-16,0,0,0,0,0,0,0,0,0
1628,2027-06-17,0,0,0,0,0,0,0,0,0
1629,2027-06-18,0,0,0,0,0,0,0,0,0
1630,2027-06-19,0,0,0,0,0,0,0,0,0
1631,2027-06-20,0,0,0,0,0,0,0,0,0
1632,2027-06-21,0,0,0,0,0,0,0,0,0
1633,2027-06-22,0,0,0,0,0,0,0,0,0
1634,2027-06-23,0,0,0,0,0,0,0,0,0
1635,2027-06-24,0,0,0,0,0,0,0,0,0
1636,2027-06-25,0,0,0,0,0,0,0,0,0
1637,2027-06-26,0,0,0,0,0,0,0,0,0
1638,2027-06-27,0,0,0,0,0,0,0,0,0
1639,2027-06-28,0,0,0,0,0,0,0,0,0
1640,2027-06-29,0,0,0,0,0,0,0,0,0
1641,2027-06-30,0,0,0,0,0,0,0,0,0
1642,2027-07-01,0,0,0,0,0,0,0,0,0
1643,2027-07-02,0,0,0,0,0,0,0,0,0
1644,2027-07-03,0,0,0,0,0,0,0,0,0
1645,2027-07-04,0,0,0,0,0,0,0,0,0
1646,2027-07-05,0,0,0,0,0,0,0,0,0
1647,2027-07-06,0,0,0,0,0,0,0,0,0
1648,2027-07-07,0,0,0,0,0,0,0,0,0
1649,2027-07-08,0,0,0,0,0,0,0,0,0
1650,2027-07-09,0,0,0,0,0,0,0,0,0
1651,2027-07-10,0,0,0,0,0,0,0,0,0
1652,2027-07-11,0,0,0,0,0,0,0,0,0
1653,2027-07-12,0,0,0,0,0,0,0,0,0
1654,2027-07-13,0,0,0,0,0,0,0,0,0
1655,2027-07-14,0,0,0,0,0,0,0,0,0
1656,2027-07-15,0,0,0,0,0,0,0,0,0
1657,2027-07-16,0,0,0,0,0,0,0,0,0
1658,2027-07-17,0,0,0,0,0,0,0,0,0
1659,2027-07-18,0,0,0,0,0,0,0,0,0
1660,2027-07-19,0,0,0,0,0,0,0,0,0
1661,2027-07-20,0,0,0,0,0,0,0,0,0
1662,2027-07-21,0,0,0,0,0,0,0,0,0
1663,2027-07-22,0,0,0,0,0,0,0,0,0
1664,2027-07-23,0,0,0,0,0,0,0,0,0
1665,2027-07-24,0,0,0,0,0,0,0,0,0
1666,2027-07-25,0,0,0,0,0,0,0,0,0
1667,2027-07-26,0,0,0,0,0,0,0,0,0
1668,2027-07-27,0,0,0,0,0,0,0,0,0
1669,2027-07-28,0,0,0,0,0,0,0,0,0
1670,2027-07-29,0,0,0,0,0,0,0,0,0
1671,2027-07-30,0,0,0,0,0,0,0,0,0
1672,2027-07-31,0,0,0,0,0,0,0,0,0
1673,2027-08-01,0,0,0,0,0,0,0,0,0
1674,2027-08-02,0,0,0,0,0,0,0,0,0
1675,2027-08-03,0,0,0,0,0,0,0,0,0
1676,2027-08-04,0,0,0,0,0,0,0,0,0
1677,2027-08-05,0,0,0,0,0,0,0,0,0
1678,2027-08-06,0,0,0,0,0,0,0,0,0
1679,2027-08-07,0,0,0,0,0,0,0,0,0
1680,2027-08-08,0,0,0,0,0,0,0,0,0
1681,2027-08-09,0,0,0,0,0,0,0,0,0
1682,2027-08-10,0,0,0,0,0,0,0,0,0
1683,2027-08-11,0,0,0,0,0,0,0,0,0
1684,2027-08-12,0,0,0,0,0,0,0,0,0
1685,2027-08-13,0,0,0,0,0,0,0,0,0
1686,2027-08-14,0,0,0,0,0,0,0,0,0
1687,2027-08-15,0,0,0,0,0,0,0,0,0
1688,2027-08-16,0,0,0,0,0,0,0,0,0
1689,2027-08-17,0,0,0,0,0,0,0,0,0
1690,2027-08-18,0,0,0,0,0,0,0,0,0
1691,2027-08-19,0,0,0,0,0,0,0,0,0
1692,2027-08-20,0,0,0,0,0,0,0,0,0
1693,2027-08-21,0,0,0,0,0,0,0,0,0
1694,2027-08-22,0,0,0,0,0,0,0,0,0
1695,2027-08-23,0,0,0,0,0,0,0,0,0
1696,2027-08-24,0,0,0,0,0,0,0,0,0
1697,2027-08-25,0,0,0,0,0,0,0,0,0
1698,2027-08-26,0,0,0,0,0,0,0,0,0
1699,2027-08-27,0,0,0,0,0,0,0,0,0
1700,2027-08-28,0,0,0,0,0,0,0,0,0
1701,2027-08-29,0,0,0,0,0,0,0,0,0
1702,2027-08-30,0,0,0,0,0,0,0,0,0
1703,2027-08-31,0,0,0,0,0,0,0,0,0
1704,2027-09-01,0,0,0,0,0,0,0,0,0
1705,2027-09-02,0,0,0,0,0,0,0,0,0
1706,2027-09-03,0,0,0,0,0,0,0,0,0
1707,2027-09-04,0,0,0,0,0,0,0,0,0
1708,2027-09-05,0,0,0,0,0,0,0,0,0
1709,2027-09-06,0,0,0,0,0,0,0,0,0
1710,2027-09-07,0,0,0,0,0,0,0,0,0
1711,2027-09-08,0,0,0,0,0,0,0,0,0
1712,2027-09-09,0,0,0,0,0,0,0,0,0
1713,2027-09-10,0,0,0,0,0,0,0,0,0
1714,2027-09-11,0,0,0,0,0,0,0,0,0
1715,2027-09-12,0,0,0,0,0,0,0,0,0
1716,2027-09-13,0,0,0,0,0,0,0,0,0
1717,2027-09-14,0,0,0,0,0,0,0,0,0
1718,2027-09-15,0,0,0,0,0,0,0,0,0
1719,2027-09-16,0,0,0,0,0,0,0,0,0
1720,2027-09-17,0,0,0,0,0,0,0,0,0
1721,2027-09-18,0,0,0,0,0,0,0,0,0
1722,2027-09-19,0,0,0,0,0,0,0,0,0
1723,2027-09-20,0,0,0,0,0,0,0,0,0
1724,2027-09-21,0,0,0,0,0,0,0,0,0
1725,2027-09-22,0,0,0,0,0,0,0,0,0
1726,2027-09-23,0,0,0,0,0,0,0,0,0
1727,2027-09-24,0,0,0,0,0,0,0,0,0
1728,2027-09-25,0,0,0,0,0,0,0,0,0
1729,2027-09-26,0,0,0,0,0,0,0,0,0
1730,2027-09-27,0,0,0,0,0,0,0,0,0
1731,2027-09-28,0,0,0,0,0,0,0,0,0
1732,2027-09-29,0,0,0,0,0,0,0,0,0
1733,2027-09-30,0,0,0,0,0,0,0,0,0
1734,2027-10-01,0,0,0,0,0,0,0,0,0
1735,2027-10-02,0,0,0,0,0,0,0,0,0
1736,2027-10-03,0,0,0,0,0,0,0,0,0
1737,2027-10-04,0,0,0,0,0,0,0,0,0
1738,2027-10-05,0,0,0,0,0,0,0,0,0
1739,2027-10-06,0,0,0,0,0,0,0,0,0
1740,2027-10-07,0,0,0,0,0,0,0,0,0
1741,2027-10-08,0,0,0,0,0,0,0,0,0
1742,2027-10-09,0,0,0,0,0,0,0,0,0
1743,2027-10-10,0,0,0,0,0,0,0,0,0
1744,2027-10-11,0,0,0,0,0,0,0,0,0
1745,2027-10-12,0,0,0,0,0,0,0,0,0
1746,2027-10-13,0,0,0,0,0,0,0,0,0
1747,2027-10-14,0,0,0,0,0,0,0,0,0
1748,2027-10-15,0,0,0,0,0,0,0,0,0
1749,2027-10-16,0,0,0,0,0,0,0,0,0
1750,2027-10-17,0,0,0,0,0,0,0,0,0
1751,2027-10-18,0,0,0,0,0,0,0,0,0
1752,2027-10-19,0,0,0,0,0,0,0,0,0
1753,2027-10-20,0,0,0,0,0,0,0,0,0
1754,2027-10-21,0,0,0,0,0,0,0,0,0
1755,2027-10-22,0,0,0,0,0,0,0,0,0
1756,2027-10-23,0,0,0,0,0,0,0,0,0
1757,2027-10-24,0,0,0,0,0,0,0,0,0
1758,2027-10-25,0,0,0,0,0,0,0,0,0
1759,2027-10-26,0,0,0,0,0,0,0,0,0
1760,2027-10-27,0,0,0,0,0,0,0,0,0
1761,2027-10-28,0,0,0,0,0,0,0,0,0
1762,2027-10-29,0,0,0,0,0,0,0,0,0
1763,2027-10-30,0,0,0,0,0,0,0,0,0
1764,2027-10-31,0,0,0,0,0,0,0,0,0
1765,2027-11-01,0,0,0,0,0,0,0,0,0
1766,2027-11-02,0,0,0,0,0,0,0,0,0
1767,2027-11-03,0,0,0,0,0,0,0,0,0
1768,2027-11-04,0,0,0,0,0,0,0,0,0
1769,2027-11-05,0,0,0,0,0,0,0,0,0
1770,2027-11-06,0,0,0,0,0,0,0,0,0
1771,2027-11-07,0,0,0,0,0,0,0,0,0
1772,2027-11-08,0,0,0,0,0,0,0,0,0
1773,2027-11-09,0,0,0,0,0,0,0,0,0
1774,2027-11-10,0,0,0,0,0,0,0,0,0
1775,2027-11-11,0,0,0,0,0,0,0,0,0
1776,2027-11-12,0,0,0,0,0,0,0,0,0
1777,2027-11-13,0,0,0,0,0,0,0,0,0
1778,2027-11-14,0,0,0,0,0,0,0,0,0
1779,2027-11-15,0,0,0,0,0,0,0,0,0
1780,2027-11-16,0,0,0,0,0,0,0,0,0
1781,2027-11-17,0,0,0,0,0,0,0,0,0
1782,2027-11-18,0,0,0,0,0,0,0,0,0
1783,2027-11-19,0,0,0,0,0,0,0,0,0
1784,2027-11-20,0,0,0,0,0,0,0,0,0
1785,2027-11-21,0,0,0,0,0,0,0,0,0
1786,2027-11-22,0,0,0,0,0,0,0,0,0
1787,2027-11-23,0,0,0,0,0,0,0,0,0
1788,2027-11-24,0,0,0,0,0,0,0,0,0
1789,2027-11-25,0,0,0,0,0,0,0,0,0
1790,2027-11-26,0,0,0,0,0,0,0,0,0
1791,2027-11-27,0,0,0,0,0,0,0,0,0
1792,2027-11-28,0,0,0,0,0,0,0,0,0
1793,2027-11-29,0,0,0,0,0,0,0,0,0
1794,2027-11-30,0,0,0,0,0,0,0,0,0
1795,2027-12-01,0,0,0,0,0,0,0,0,0
1796,2027-12-02,0,0,0,0,0,0,0,0,0
1797,2027-12-03,0,0,0,0,0,0,0,0,0
1798,2027-12-04,0,0,0,0,0,0,0,0,0
1799,2027-12-05,0,0,0,0,0,0,0,0,0
1800,2027-12-06,0,0,0,0,0,0,0,0,0
1801,2027-12-07,0,0,0,0,0,0,0,0,0
1802,2027-12-08,0,0,0,0,0,0,0,0,0
1803,2027-12-09,0,0,0,0,0,0,0,0,0
1804,2027-12-10,0,0,0,0,0,0,0,0,0
1805,2027-12-11,0,0,0,0,0,0,0,0,0
1806,2027-12-12,0,0,0,0,0,0,0,0,0
1807,2027-12-13,0,0,0,0,0,0,0,0,0
1808,2027-12-14,0,0,0,0,0,0,0,0,0
1809,2027-12-15,0,0,0,0,0,0,0,0,0
1810,2027-12-16,0,0,0,0,0,0,0,0,0
1811,2027-12-17,0,0,0,0,0,0,0,0,0
1812,2027-12-18,0,0,0,0,0,0,0,0,0
1813,2027-12-19,0,0,0,0,0,0,0,0,0
1814,2027-12-20,0,0,0,0,0,0,0,0,0
1815,2027-12-21,0,0,0,0,0,0,0,0,0
1816,2027-12-22,0,0,0,0,0,0,0,0,0
1817,2027-12-23,0,0,0,0,0,0,0,0,0
1818,2027-12-24,0,0,0,0,0,0,0,0,0
1819,2027-12-25,0,0,0,0,0,0,0,0,0
1820,2027-12-26,0,0,0,0,0,0,0,0,0
1821,2027-12-27,0,0,0,0,0,0,0,0,0
1822,2027-12-28,0,0,0,0,0,0,0,0,0
1823,2027-12-29,0,0,0,0,0,0,0,0,0
1824,2027-12-30,0,0,0,0,0,0,0,0,0
1825,2027-12-31,0,0,0,0,0,0,0,0,0
