,period_name,start_date,end_date
0,Vacances de Noël,2022-12-16T23:00:00+00:00,2023-01-02
1,Vacances d'Hiver,2023-02-03T23:00:00+00:00,2023-02-19
2,Vacances de Printemps,2023-04-07T22:00:00+00:00,2023-04-23
3,Pont de l'Ascension,2023-05-17T22:00:00+00:00,2023-05-21
4,Vacances d'Été,2023-07-07T22:00:00+00:00,2023-08-31
5,Vacances d'Été,2023-07-07T22:00:00+00:00,2023-09-03
6,Vacances de la Toussaint,2023-10-20T22:00:00+00:00,2023-11-05
7,Vacances de Noël,2023-12-22T23:00:00+00:00,2024-01-07
8,Vacances d'Hiver,2024-02-16T23:00:00+00:00,2024-03-03
9,Vacances de Printemps,2024-04-12T22:00:00+00:00,2024-04-28
10,Pont de l'Ascension,2024-05-08T22:00:00+00:00,2024-05-12
11,Vacances d'Été,2024-07-05T22:00:00+00:00,2024-08-29
12,Vacances d'Été,2024-07-05T22:00:00+00:00,2024-09-01
13,Vacances de la Toussaint,2024-10-18T22:00:00+00:00,2024-11-03
14,Vacances de Noël,2024-12-20T23:00:00+00:00,2025-01-05
15,Vacances d'Hiver,2025-02-21T23:00:00+00:00,2025-03-09
16,Vacances de Printemps,2025-04-18T22:00:00+00:00,2025-05-04
17,Pont de l'Ascension,2025-05-28T22:00:00+00:00,2025-06-01
18,Vacances d'Été,2025-07-04T22:00:00+00:00,2025-08-28
19,Vacances d'Été,2025-07-04T22:00:00+00:00,2025-08-31
20,Vacances de la Toussaint,2025-10-17T22:00:00+00:00,2025-11-02
21,Vacances de Noël,2025-12-19T23:00:00+00:00,2026-01-04
22,Vacances d'Hiver,2026-02-06T23:00:00+00:00,2026-02-22
23,Vacances de Printemps,2026-04-03T22:00:00+00:00,2026-04-19
24,Pont de l'Ascension,2026-05-13T22:00:00+00:00,2026-05-17
25,Vacances d'Été,2026-07-03T22:00:00+00:00,2026-08-30
26,Vacances d'Été,2026-07-03T22:00:00+00:00,2026-08-31
27,Vacances de la Toussaint,2026-10-16T22:00:00+00:00,2026-11-01
28,Vacances de Noël,2026-12-18T23:00:00+00:00,2027-01-03
29,Vacances d'Hiver,2027-02-12T23:00:00+00:00,2027-02-28
30,Vacances de Printemps,2027-04-09T22:00:00+00:00,2027-04-25
31,Pont de l'Ascension,2027-05-06T22:00:00+00:00,2027-05-06
32,Début des Vacances d'Été,2027-07-02T22:00:00+00:00,2027-07-02
